/*
Navicat MySQL Data Transfer

Source Server         : localhost_3306
Source Server Version : 50528
Source Host           : localhost:3306
Source Database       : sharefood

Target Server Type    : MYSQL
Target Server Version : 50528
File Encoding         : 65001

Date: 2019-06-02 23:33:01
*/

SET FOREIGN_KEY_CHECKS=0;

-- ----------------------------
-- Table structure for `collection`
-- ----------------------------
DROP TABLE IF EXISTS `collection`;
CREATE TABLE `collection` (
  `collection_id` int(11) NOT NULL AUTO_INCREMENT,
  `user_id` int(11) DEFAULT NULL,
  `any_id` int(11) DEFAULT NULL,
  `state` int(11) DEFAULT NULL,
  `create_time` datetime DEFAULT NULL,
  PRIMARY KEY (`collection_id`)
) ENGINE=InnoDB AUTO_INCREMENT=38 DEFAULT CHARSET=utf8;

-- ----------------------------
-- Records of collection
-- ----------------------------
INSERT INTO `collection` VALUES ('30', '47', '211', '0', '2019-04-25 22:07:17');
INSERT INTO `collection` VALUES ('33', '47', '214', '0', '2019-05-10 03:46:27');
INSERT INTO `collection` VALUES ('34', '48', '211', '0', '2019-05-10 23:10:47');
INSERT INTO `collection` VALUES ('35', '46', '217', '0', '2019-05-10 23:26:12');
INSERT INTO `collection` VALUES ('36', '46', '219', '0', '2019-05-10 23:26:21');
INSERT INTO `collection` VALUES ('37', '46', '218', '0', '2019-05-30 17:18:08');

-- ----------------------------
-- Table structure for `comment`
-- ----------------------------
DROP TABLE IF EXISTS `comment`;
CREATE TABLE `comment` (
  `comment_id` int(11) NOT NULL AUTO_INCREMENT,
  `any_id` int(11) DEFAULT NULL,
  `user_id` int(11) DEFAULT NULL,
  `user_id_from` int(11) DEFAULT NULL,
  `user_id_to` int(11) DEFAULT NULL,
  `state` int(11) DEFAULT NULL,
  `top_id` int(11) DEFAULT NULL,
  `content` varchar(500) DEFAULT NULL,
  `ban` int(11) DEFAULT NULL,
  `create_time` datetime DEFAULT NULL,
  PRIMARY KEY (`comment_id`)
) ENGINE=InnoDB AUTO_INCREMENT=76 DEFAULT CHARSET=utf8;

-- ----------------------------
-- Records of comment
-- ----------------------------
INSERT INTO `comment` VALUES ('57', '211', '46', '47', '46', '0', '0', '今天试了试，超级好吃~', '1', '2019-04-25 20:44:51');
INSERT INTO `comment` VALUES ('58', '211', '46', '46', '47', '0', '57', '谢谢~我会继续努力发布好吃的菜谱的', '1', '2019-04-25 20:45:24');
INSERT INTO `comment` VALUES ('59', '211', '46', '47', '46', '0', '57', '很期待呢', '1', '2019-04-25 20:46:13');
INSERT INTO `comment` VALUES ('60', '211', '46', '48', '46', '0', '0', '垃圾****', '3', '2019-04-28 19:12:07');
INSERT INTO `comment` VALUES ('62', '211', '46', '48', '46', '0', '0', '收藏了~', '1', '2019-05-10 23:10:42');
INSERT INTO `comment` VALUES ('63', '211', '46', '46', '48', '0', '62', '好的~', '0', '2019-05-11 02:15:07');
INSERT INTO `comment` VALUES ('65', '211', '46', '48', '46', '0', '0', '*******', '1', '2019-05-11 16:39:01');
INSERT INTO `comment` VALUES ('68', '216', '47', '46', '47', '0', '0', '回来试试~', '1', '2019-05-12 17:57:58');
INSERT INTO `comment` VALUES ('69', '211', '46', '46', '48', '0', '65', '********', '3', '2019-05-30 17:13:13');
INSERT INTO `comment` VALUES ('70', '213', '46', '47', '46', '0', '0', '我要尝试着做一下', '1', '2019-05-30 17:34:06');
INSERT INTO `comment` VALUES ('71', '216', '47', '46', '47', '0', '0', '好吃', '0', '2019-05-31 17:59:12');
INSERT INTO `comment` VALUES ('72', '217', '47', '46', '47', '0', '0', '试一试', '0', '2019-05-31 20:07:28');
INSERT INTO `comment` VALUES ('73', '215', '46', '47', '46', '0', '0', '试一试', '1', '2019-05-31 21:45:44');
INSERT INTO `comment` VALUES ('74', '214', '46', '47', '46', '0', '0', '感觉好好吃', '1', '2019-06-01 08:06:29');
INSERT INTO `comment` VALUES ('75', '217', '47', '46', '47', '0', '0', '好吃', '0', '2019-06-01 10:32:02');

-- ----------------------------
-- Table structure for `dictionary`
-- ----------------------------
DROP TABLE IF EXISTS `dictionary`;
CREATE TABLE `dictionary` (
  `dictionary_id` int(11) NOT NULL AUTO_INCREMENT,
  `upper_id` int(11) DEFAULT NULL,
  `name` varchar(255) DEFAULT NULL,
  `top_id` int(11) DEFAULT NULL,
  `state` int(11) DEFAULT NULL,
  `isLeaf` int(11) DEFAULT NULL,
  `create_time` datetime DEFAULT NULL,
  `modified_time` datetime DEFAULT NULL,
  PRIMARY KEY (`dictionary_id`)
) ENGINE=InnoDB AUTO_INCREMENT=351 DEFAULT CHARSET=utf8;

-- ----------------------------
-- Records of dictionary
-- ----------------------------
INSERT INTO `dictionary` VALUES ('1', '0', '难度', '0', '0', '0', '2019-04-23 19:35:43', '2019-05-11 17:22:20');
INSERT INTO `dictionary` VALUES ('2', '0', '口味', '0', '0', '0', '2019-04-23 19:35:43', '2019-04-23 19:43:58');
INSERT INTO `dictionary` VALUES ('3', '0', '工艺', '0', '0', '0', '2019-04-23 19:35:43', '2019-04-25 19:26:33');
INSERT INTO `dictionary` VALUES ('4', '0', '耗时', '0', '0', '0', '2019-04-23 19:35:43', '2019-04-25 19:29:27');
INSERT INTO `dictionary` VALUES ('5', '0', '厨具', '0', '0', '0', '2019-04-23 19:35:43', '2019-04-25 19:36:11');
INSERT INTO `dictionary` VALUES ('6', '0', '菜谱分类', '0', '0', '0', '2019-04-23 19:35:43', '2019-04-25 19:44:44');
INSERT INTO `dictionary` VALUES ('115', '1', '简单', '1', '0', '1', '2019-04-23 19:36:51', '2019-04-23 19:36:51');
INSERT INTO `dictionary` VALUES ('116', '1', '普通', '1', '0', '1', '2019-04-23 19:37:02', '2019-04-23 19:37:02');
INSERT INTO `dictionary` VALUES ('117', '1', '高级', '1', '0', '1', '2019-04-23 19:37:10', '2019-04-23 19:37:10');
INSERT INTO `dictionary` VALUES ('118', '1', '神级', '1', '0', '1', '2019-04-23 19:37:23', '2019-05-12 20:00:14');
INSERT INTO `dictionary` VALUES ('119', '2', '微辣', '2', '0', '1', '2019-04-23 19:37:47', '2019-04-23 19:37:47');
INSERT INTO `dictionary` VALUES ('120', '2', '中辣', '2', '0', '1', '2019-04-23 19:38:08', '2019-04-23 19:38:09');
INSERT INTO `dictionary` VALUES ('121', '2', '超辣', '2', '0', '1', '2019-04-23 19:38:40', '2019-04-23 19:38:40');
INSERT INTO `dictionary` VALUES ('122', '2', '麻辣', '2', '0', '1', '2019-04-23 19:38:49', '2019-04-23 19:39:33');
INSERT INTO `dictionary` VALUES ('123', '2', '酸辣', '2', '0', '1', '2019-04-23 19:38:58', '2019-04-23 19:39:34');
INSERT INTO `dictionary` VALUES ('124', '2', '甜辣', '2', '0', '1', '2019-04-23 19:39:06', '2019-04-23 19:39:35');
INSERT INTO `dictionary` VALUES ('125', '2', '香辣', '2', '0', '1', '2019-04-23 19:39:18', '2019-04-23 19:39:36');
INSERT INTO `dictionary` VALUES ('126', '2', '酸甜', '2', '0', '1', '2019-04-23 19:39:31', '2019-04-23 19:39:37');
INSERT INTO `dictionary` VALUES ('127', '2', '酸咸', '2', '0', '1', '2019-04-23 19:40:05', '2019-04-23 19:44:00');
INSERT INTO `dictionary` VALUES ('128', '2', '咸鲜', '2', '0', '1', '2019-04-23 19:40:19', '2019-04-23 19:44:01');
INSERT INTO `dictionary` VALUES ('129', '2', '咸甜', '2', '0', '1', '2019-04-23 19:40:33', '2019-04-23 19:44:02');
INSERT INTO `dictionary` VALUES ('130', '2', '甜味', '2', '0', '1', '2019-04-23 19:40:46', '2019-04-23 19:44:03');
INSERT INTO `dictionary` VALUES ('131', '2', '苦味', '2', '0', '1', '2019-04-23 19:40:53', '2019-04-23 19:44:04');
INSERT INTO `dictionary` VALUES ('132', '2', '原味', '2', '0', '1', '2019-04-23 19:41:02', '2019-04-23 19:44:04');
INSERT INTO `dictionary` VALUES ('133', '2', '清淡', '2', '0', '1', '2019-04-23 19:41:07', '2019-04-23 19:44:05');
INSERT INTO `dictionary` VALUES ('134', '2', '五香', '2', '0', '1', '2019-04-23 19:41:19', '2019-04-23 19:44:05');
INSERT INTO `dictionary` VALUES ('135', '2', '鱼香', '2', '0', '1', '2019-04-23 19:41:29', '2019-04-23 19:44:20');
INSERT INTO `dictionary` VALUES ('136', '2', '葱香', '2', '0', '1', '2019-04-23 19:41:36', '2019-04-23 19:44:20');
INSERT INTO `dictionary` VALUES ('137', '2', '蒜香', '2', '0', '1', '2019-04-23 19:41:41', '2019-04-23 19:44:21');
INSERT INTO `dictionary` VALUES ('138', '2', '奶香', '2', '0', '1', '2019-04-23 19:41:50', '2019-04-23 19:44:18');
INSERT INTO `dictionary` VALUES ('139', '2', '酱香', '2', '0', '1', '2019-04-23 19:41:58', '2019-04-23 19:44:17');
INSERT INTO `dictionary` VALUES ('140', '2', '糟香', '2', '0', '1', '2019-04-23 19:42:17', '2019-04-23 19:44:17');
INSERT INTO `dictionary` VALUES ('141', '2', '咖喱', '2', '0', '1', '2019-04-23 19:42:31', '2019-04-23 19:44:16');
INSERT INTO `dictionary` VALUES ('142', '2', '孜然', '2', '0', '1', '2019-04-23 19:42:39', '2019-04-23 19:44:15');
INSERT INTO `dictionary` VALUES ('143', '2', '果味', '2', '0', '1', '2019-04-23 19:42:56', '2019-04-23 19:44:15');
INSERT INTO `dictionary` VALUES ('144', '2', '香草', '2', '0', '1', '2019-04-23 19:43:11', '2019-04-23 19:44:13');
INSERT INTO `dictionary` VALUES ('145', '2', '怪味', '2', '0', '1', '2019-04-23 19:43:18', '2019-04-23 19:44:14');
INSERT INTO `dictionary` VALUES ('146', '2', '咸香', '2', '0', '1', '2019-04-23 19:43:26', '2019-04-23 19:44:11');
INSERT INTO `dictionary` VALUES ('147', '2', '甜香', '2', '0', '1', '2019-04-23 19:43:34', '2019-04-23 19:44:10');
INSERT INTO `dictionary` VALUES ('148', '2', '麻香', '2', '0', '1', '2019-04-23 19:43:51', '2019-04-23 19:44:10');
INSERT INTO `dictionary` VALUES ('149', '2', '其他', '2', '0', '1', '2019-04-23 19:43:58', '2019-04-23 19:44:08');
INSERT INTO `dictionary` VALUES ('150', '3', '烧', '3', '0', '1', '2019-04-23 21:16:04', '2019-04-23 21:16:04');
INSERT INTO `dictionary` VALUES ('151', '3', '炒', '3', '0', '1', '2019-04-25 19:10:50', '2019-04-25 19:10:50');
INSERT INTO `dictionary` VALUES ('152', '3', '爆', '3', '0', '1', '2019-04-25 19:18:39', '2019-04-25 19:18:39');
INSERT INTO `dictionary` VALUES ('153', '3', '焖', '3', '0', '1', '2019-04-25 19:21:18', '2019-04-25 19:21:18');
INSERT INTO `dictionary` VALUES ('154', '3', '炖', '3', '0', '1', '2019-04-25 19:21:28', '2019-04-25 19:21:28');
INSERT INTO `dictionary` VALUES ('155', '3', '蒸', '3', '0', '1', '2019-04-25 19:21:38', '2019-04-25 19:21:38');
INSERT INTO `dictionary` VALUES ('156', '3', '煮', '3', '0', '1', '2019-04-25 19:21:50', '2019-04-25 19:21:50');
INSERT INTO `dictionary` VALUES ('157', '3', '拌', '3', '0', '1', '2019-04-25 19:22:02', '2019-04-25 19:22:02');
INSERT INTO `dictionary` VALUES ('158', '3', '烤', '3', '0', '1', '2019-04-25 19:22:08', '2019-04-25 19:22:08');
INSERT INTO `dictionary` VALUES ('159', '3', '炸', '3', '0', '1', '2019-04-25 19:22:12', '2019-04-25 19:22:12');
INSERT INTO `dictionary` VALUES ('160', '3', '烩', '3', '0', '1', '2019-04-25 19:22:21', '2019-04-25 19:22:21');
INSERT INTO `dictionary` VALUES ('161', '3', '溜', '3', '0', '1', '2019-04-25 19:22:29', '2019-04-25 19:22:29');
INSERT INTO `dictionary` VALUES ('162', '3', '氽', '3', '0', '1', '2019-04-25 19:22:50', '2019-04-25 19:22:50');
INSERT INTO `dictionary` VALUES ('163', '3', '腌', '3', '0', '1', '2019-04-25 19:23:04', '2019-04-25 19:23:04');
INSERT INTO `dictionary` VALUES ('164', '3', '卤', '3', '0', '1', '2019-04-25 19:23:18', '2019-04-25 19:23:18');
INSERT INTO `dictionary` VALUES ('165', '3', '炝', '3', '0', '1', '2019-04-25 19:23:27', '2019-04-25 19:23:27');
INSERT INTO `dictionary` VALUES ('166', '3', '煎', '3', '0', '1', '2019-04-25 19:23:39', '2019-04-25 19:23:39');
INSERT INTO `dictionary` VALUES ('167', '3', '酥', '3', '0', '1', '2019-04-25 19:23:46', '2019-04-25 19:23:46');
INSERT INTO `dictionary` VALUES ('168', '3', '扒', '3', '0', '1', '2019-04-25 19:23:52', '2019-04-25 19:23:52');
INSERT INTO `dictionary` VALUES ('169', '3', '熏', '3', '0', '1', '2019-04-25 19:24:03', '2019-04-25 19:24:03');
INSERT INTO `dictionary` VALUES ('170', '3', '煨', '3', '0', '1', '2019-04-25 19:24:21', '2019-04-25 19:24:21');
INSERT INTO `dictionary` VALUES ('171', '3', '酱', '3', '0', '1', '2019-04-25 19:24:30', '2019-04-25 19:24:30');
INSERT INTO `dictionary` VALUES ('172', '3', '烘焙', '3', '0', '1', '2019-04-25 19:24:38', '2019-04-25 19:24:38');
INSERT INTO `dictionary` VALUES ('173', '3', '火锅', '3', '0', '1', '2019-04-25 19:24:42', '2019-04-25 19:24:42');
INSERT INTO `dictionary` VALUES ('174', '3', '砂锅', '3', '0', '1', '2019-04-25 19:24:47', '2019-04-25 19:24:47');
INSERT INTO `dictionary` VALUES ('175', '3', '拔丝', '3', '0', '1', '2019-04-25 19:24:53', '2019-04-25 19:24:53');
INSERT INTO `dictionary` VALUES ('176', '3', '生鲜', '3', '0', '1', '2019-04-25 19:25:00', '2019-04-25 19:25:00');
INSERT INTO `dictionary` VALUES ('177', '3', '调味', '3', '0', '1', '2019-04-25 19:25:06', '2019-04-25 19:25:06');
INSERT INTO `dictionary` VALUES ('178', '3', '技巧', '3', '0', '1', '2019-04-25 19:25:13', '2019-04-25 19:25:13');
INSERT INTO `dictionary` VALUES ('179', '3', '煲', '3', '0', '1', '2019-04-25 19:25:20', '2019-04-25 19:25:20');
INSERT INTO `dictionary` VALUES ('180', '3', '烙', '3', '0', '1', '2019-04-25 19:25:28', '2019-04-25 19:25:28');
INSERT INTO `dictionary` VALUES ('181', '3', '榨汁', '3', '0', '1', '2019-04-25 19:25:34', '2019-04-25 19:25:34');
INSERT INTO `dictionary` VALUES ('182', '3', '冷冻', '3', '0', '1', '2019-04-25 19:25:39', '2019-04-25 19:25:39');
INSERT INTO `dictionary` VALUES ('183', '3', '焗', '3', '0', '1', '2019-04-25 19:25:50', '2019-04-25 19:25:50');
INSERT INTO `dictionary` VALUES ('184', '3', '焯', '3', '0', '1', '2019-04-25 19:25:58', '2019-04-25 19:25:58');
INSERT INTO `dictionary` VALUES ('185', '3', '干煸', '3', '0', '1', '2019-04-25 19:26:04', '2019-04-25 19:26:04');
INSERT INTO `dictionary` VALUES ('186', '3', '干锅', '3', '0', '1', '2019-04-25 19:26:09', '2019-04-25 19:26:09');
INSERT INTO `dictionary` VALUES ('187', '3', '铁板', '3', '0', '1', '2019-04-25 19:26:17', '2019-04-25 19:26:17');
INSERT INTO `dictionary` VALUES ('188', '3', '微波', '3', '0', '1', '2019-04-25 19:26:27', '2019-04-25 19:26:27');
INSERT INTO `dictionary` VALUES ('189', '3', '其他', '3', '0', '1', '2019-04-25 19:26:33', '2019-04-25 19:26:33');
INSERT INTO `dictionary` VALUES ('190', '4', '十分钟', '4', '0', '1', '2019-04-25 19:28:17', '2019-04-25 19:28:17');
INSERT INTO `dictionary` VALUES ('191', '4', '廿分钟', '4', '0', '1', '2019-04-25 19:28:39', '2019-04-25 19:28:39');
INSERT INTO `dictionary` VALUES ('192', '4', '半小时', '4', '0', '1', '2019-04-25 19:28:46', '2019-04-25 19:28:46');
INSERT INTO `dictionary` VALUES ('193', '4', '三刻钟', '4', '0', '1', '2019-04-25 19:28:57', '2019-04-25 19:28:57');
INSERT INTO `dictionary` VALUES ('194', '4', '一小时', '4', '0', '1', '2019-04-25 19:29:05', '2019-04-25 19:29:05');
INSERT INTO `dictionary` VALUES ('195', '4', '数小时', '4', '0', '1', '2019-04-25 19:29:11', '2019-04-25 19:29:11');
INSERT INTO `dictionary` VALUES ('196', '4', '一天', '4', '0', '1', '2019-04-25 19:29:21', '2019-04-25 19:29:21');
INSERT INTO `dictionary` VALUES ('197', '4', '数天', '4', '0', '1', '2019-04-25 19:29:27', '2019-04-25 19:29:27');
INSERT INTO `dictionary` VALUES ('198', '5', '炒锅', '5', '0', '1', '2019-04-25 19:29:46', '2019-04-25 19:29:46');
INSERT INTO `dictionary` VALUES ('199', '5', '煮锅', '5', '0', '1', '2019-04-25 19:29:55', '2019-04-25 19:29:55');
INSERT INTO `dictionary` VALUES ('200', '5', '平底锅', '5', '0', '1', '2019-04-25 19:30:01', '2019-04-25 19:30:01');
INSERT INTO `dictionary` VALUES ('201', '5', '蒸锅', '5', '0', '1', '2019-04-25 19:30:07', '2019-04-25 19:30:07');
INSERT INTO `dictionary` VALUES ('202', '5', '不粘锅', '5', '0', '1', '2019-04-25 19:30:13', '2019-04-25 19:30:13');
INSERT INTO `dictionary` VALUES ('203', '5', '烤箱', '5', '0', '1', '2019-04-25 19:30:32', '2019-04-25 19:30:32');
INSERT INTO `dictionary` VALUES ('204', '5', '料理机', '5', '0', '1', '2019-04-25 19:30:39', '2019-04-25 19:30:39');
INSERT INTO `dictionary` VALUES ('205', '5', '砂锅', '5', '0', '1', '2019-04-25 19:30:44', '2019-04-25 19:30:44');
INSERT INTO `dictionary` VALUES ('206', '5', '汤锅', '5', '0', '1', '2019-04-25 19:30:53', '2019-04-25 19:30:53');
INSERT INTO `dictionary` VALUES ('207', '5', '高压锅', '5', '0', '1', '2019-04-25 19:30:58', '2019-04-25 19:30:58');
INSERT INTO `dictionary` VALUES ('208', '5', '电压力锅', '5', '0', '1', '2019-04-25 19:31:09', '2019-04-25 19:31:09');
INSERT INTO `dictionary` VALUES ('209', '5', '电饭煲', '5', '0', '1', '2019-04-25 19:31:17', '2019-04-25 19:31:17');
INSERT INTO `dictionary` VALUES ('210', '5', '焖烧锅', '5', '0', '1', '2019-04-25 19:31:24', '2019-04-25 19:31:24');
INSERT INTO `dictionary` VALUES ('211', '5', '微波炉', '5', '0', '1', '2019-04-25 19:31:30', '2019-04-25 19:31:30');
INSERT INTO `dictionary` VALUES ('212', '5', '搅拌机', '5', '0', '1', '2019-04-25 19:31:36', '2019-04-25 19:31:36');
INSERT INTO `dictionary` VALUES ('213', '5', '豆浆机', '5', '0', '1', '2019-04-25 19:31:42', '2019-04-25 19:31:42');
INSERT INTO `dictionary` VALUES ('214', '5', '电磁炉', '5', '0', '1', '2019-04-25 19:31:50', '2019-04-25 19:31:50');
INSERT INTO `dictionary` VALUES ('215', '5', '烤炉', '5', '0', '1', '2019-04-25 19:32:17', '2019-04-25 19:32:17');
INSERT INTO `dictionary` VALUES ('216', '5', '炖盅', '5', '0', '1', '2019-04-25 19:32:24', '2019-04-25 19:32:24');
INSERT INTO `dictionary` VALUES ('217', '5', '瓦煲', '5', '0', '1', '2019-04-25 19:32:46', '2019-04-25 19:32:46');
INSERT INTO `dictionary` VALUES ('218', '5', '电子瓦煲', '5', '0', '1', '2019-04-25 19:33:01', '2019-04-25 19:33:01');
INSERT INTO `dictionary` VALUES ('219', '5', '面包机', '5', '0', '1', '2019-04-25 19:33:10', '2019-04-25 19:33:10');
INSERT INTO `dictionary` VALUES ('220', '5', '吐司机', '5', '0', '1', '2019-04-25 19:33:16', '2019-04-25 19:33:16');
INSERT INTO `dictionary` VALUES ('221', '5', '酸奶机', '5', '0', '1', '2019-04-25 19:33:21', '2019-04-25 19:33:21');
INSERT INTO `dictionary` VALUES ('222', '5', '咖啡机', '5', '0', '1', '2019-04-25 19:33:27', '2019-04-25 19:33:27');
INSERT INTO `dictionary` VALUES ('223', '5', '打蛋器', '5', '0', '1', '2019-04-25 19:33:34', '2019-04-25 19:33:34');
INSERT INTO `dictionary` VALUES ('224', '5', '调酒器', '5', '0', '1', '2019-04-25 19:33:43', '2019-04-25 19:33:43');
INSERT INTO `dictionary` VALUES ('225', '5', '果冻模', '5', '0', '1', '2019-04-25 19:33:54', '2019-04-25 19:33:54');
INSERT INTO `dictionary` VALUES ('226', '5', '奶泡机', '5', '0', '1', '2019-04-25 19:34:04', '2019-04-25 19:34:04');
INSERT INTO `dictionary` VALUES ('227', '5', '模具锅', '5', '0', '1', '2019-04-25 19:34:12', '2019-04-25 19:34:12');
INSERT INTO `dictionary` VALUES ('228', '5', '电饼档', '5', '0', '1', '2019-04-25 19:34:24', '2019-04-25 19:34:24');
INSERT INTO `dictionary` VALUES ('229', '5', '空气炸锅', '5', '0', '1', '2019-04-25 19:34:30', '2019-04-25 19:34:30');
INSERT INTO `dictionary` VALUES ('230', '5', '榨汁机', '5', '0', '1', '2019-04-25 19:34:42', '2019-04-25 19:34:42');
INSERT INTO `dictionary` VALUES ('231', '5', '厨师机', '5', '0', '1', '2019-04-25 19:34:48', '2019-04-25 19:34:48');
INSERT INTO `dictionary` VALUES ('232', '5', '破壁机', '5', '0', '1', '2019-04-25 19:34:53', '2019-04-25 19:34:53');
INSERT INTO `dictionary` VALUES ('233', '5', '养生壶', '5', '0', '1', '2019-04-25 19:34:58', '2019-04-25 19:34:58');
INSERT INTO `dictionary` VALUES ('234', '5', '烧烤架/炉', '5', '0', '1', '2019-04-25 19:35:12', '2019-04-25 19:35:12');
INSERT INTO `dictionary` VALUES ('235', '5', '光波炉', '5', '0', '1', '2019-04-25 19:35:22', '2019-04-25 19:35:22');
INSERT INTO `dictionary` VALUES ('236', '5', '铁板', '5', '0', '1', '2019-04-25 19:35:27', '2019-04-25 19:35:27');
INSERT INTO `dictionary` VALUES ('237', '5', '干锅', '5', '0', '1', '2019-04-25 19:35:40', '2019-04-25 19:35:40');
INSERT INTO `dictionary` VALUES ('238', '5', '电炖锅', '5', '0', '1', '2019-04-25 19:35:46', '2019-04-25 19:35:46');
INSERT INTO `dictionary` VALUES ('239', '5', '塔吉锅', '5', '0', '1', '2019-04-25 19:35:54', '2019-04-25 19:35:54');
INSERT INTO `dictionary` VALUES ('240', '5', '焖烧壶', '5', '0', '1', '2019-04-25 19:36:06', '2019-04-25 19:36:06');
INSERT INTO `dictionary` VALUES ('241', '5', '其他', '5', '0', '1', '2019-04-25 19:36:11', '2019-04-25 19:36:11');
INSERT INTO `dictionary` VALUES ('242', '6', '常见菜式', '6', '0', '0', '2019-04-25 19:42:46', '2019-04-25 19:48:28');
INSERT INTO `dictionary` VALUES ('243', '6', '主食/小吃', '6', '0', '0', '2019-04-25 19:43:08', '2019-04-25 19:50:15');
INSERT INTO `dictionary` VALUES ('244', '6', '甜品/饮品', '6', '0', '0', '2019-04-25 19:43:20', '2019-04-25 19:52:05');
INSERT INTO `dictionary` VALUES ('245', '6', '中式菜系', '6', '0', '0', '2019-04-25 19:44:16', '2019-04-25 20:08:23');
INSERT INTO `dictionary` VALUES ('246', '6', '外国美食', '6', '0', '0', '2019-04-25 19:44:26', '2019-04-25 20:02:27');
INSERT INTO `dictionary` VALUES ('247', '6', '烘焙', '6', '0', '0', '2019-04-25 19:44:32', '2019-04-25 19:58:46');
INSERT INTO `dictionary` VALUES ('248', '6', '传统美食', '6', '0', '0', '2019-04-25 19:44:44', '2019-04-25 19:54:26');
INSERT INTO `dictionary` VALUES ('249', '242', '热菜', '6', '0', '1', '2019-04-25 19:45:34', '2019-04-25 19:45:34');
INSERT INTO `dictionary` VALUES ('250', '242', '凉菜', '6', '0', '1', '2019-04-25 19:45:42', '2019-04-25 19:45:42');
INSERT INTO `dictionary` VALUES ('251', '242', '汤羹', '6', '0', '1', '2019-04-25 19:45:48', '2019-04-25 19:45:48');
INSERT INTO `dictionary` VALUES ('252', '242', '主食', '6', '0', '1', '2019-04-25 19:46:35', '2019-04-25 19:46:35');
INSERT INTO `dictionary` VALUES ('253', '242', '小吃', '6', '0', '1', '2019-04-25 19:46:39', '2019-04-25 19:46:39');
INSERT INTO `dictionary` VALUES ('254', '242', '家常菜', '6', '0', '1', '2019-04-25 19:46:46', '2019-04-25 19:46:46');
INSERT INTO `dictionary` VALUES ('255', '242', '泡菜腌菜', '6', '0', '1', '2019-04-25 19:46:56', '2019-04-25 19:46:56');
INSERT INTO `dictionary` VALUES ('256', '242', '西餐', '6', '0', '1', '2019-04-25 19:47:01', '2019-04-25 19:47:01');
INSERT INTO `dictionary` VALUES ('257', '242', '烘焙', '6', '0', '1', '2019-04-25 19:47:07', '2019-04-25 19:47:07');
INSERT INTO `dictionary` VALUES ('258', '242', '烤箱菜', '6', '0', '1', '2019-04-25 19:47:17', '2019-04-25 19:47:17');
INSERT INTO `dictionary` VALUES ('259', '242', '饮品', '6', '0', '1', '2019-04-25 19:47:26', '2019-04-25 19:47:44');
INSERT INTO `dictionary` VALUES ('260', '242', '零食', '6', '0', '1', '2019-04-25 19:47:55', '2019-04-25 19:47:55');
INSERT INTO `dictionary` VALUES ('261', '242', '火锅', '6', '0', '1', '2019-04-25 19:48:04', '2019-04-25 19:48:04');
INSERT INTO `dictionary` VALUES ('262', '242', '自制食材', '6', '0', '1', '2019-04-25 19:48:13', '2019-04-25 19:48:13');
INSERT INTO `dictionary` VALUES ('263', '242', '海鲜', '6', '0', '1', '2019-04-25 19:48:22', '2019-04-25 19:48:22');
INSERT INTO `dictionary` VALUES ('264', '242', '宴客菜', '6', '0', '1', '2019-04-25 19:48:28', '2019-04-25 19:48:28');
INSERT INTO `dictionary` VALUES ('265', '243', '米饭', '6', '0', '1', '2019-04-25 19:48:43', '2019-04-25 19:48:43');
INSERT INTO `dictionary` VALUES ('266', '243', '炒饭', '6', '0', '1', '2019-04-25 19:48:48', '2019-04-25 19:48:48');
INSERT INTO `dictionary` VALUES ('267', '243', '面食', '6', '0', '1', '2019-04-25 19:49:00', '2019-04-25 19:49:00');
INSERT INTO `dictionary` VALUES ('268', '243', '包子', '6', '0', '1', '2019-04-25 19:49:07', '2019-04-25 19:49:07');
INSERT INTO `dictionary` VALUES ('269', '243', '饺子', '6', '0', '1', '2019-04-25 19:49:15', '2019-04-25 19:49:15');
INSERT INTO `dictionary` VALUES ('270', '243', '馒头花卷', '6', '0', '1', '2019-04-25 19:49:23', '2019-04-25 19:49:23');
INSERT INTO `dictionary` VALUES ('271', '243', '面条', '6', '0', '1', '2019-04-25 19:49:31', '2019-04-25 19:49:31');
INSERT INTO `dictionary` VALUES ('272', '243', '饼', '6', '0', '1', '2019-04-25 19:49:37', '2019-04-25 19:49:37');
INSERT INTO `dictionary` VALUES ('273', '243', '粥', '6', '0', '1', '2019-04-25 19:49:41', '2019-04-25 19:49:41');
INSERT INTO `dictionary` VALUES ('274', '243', '馄饨', '6', '0', '1', '2019-04-25 19:49:50', '2019-04-25 19:49:50');
INSERT INTO `dictionary` VALUES ('275', '243', '五谷杂粮', '6', '0', '1', '2019-04-25 19:49:59', '2019-04-25 19:49:59');
INSERT INTO `dictionary` VALUES ('276', '243', '小吃', '6', '0', '1', '2019-04-25 19:50:15', '2019-04-25 19:50:15');
INSERT INTO `dictionary` VALUES ('277', '244', '甜品', '6', '0', '1', '2019-04-25 19:50:33', '2019-04-25 19:50:33');
INSERT INTO `dictionary` VALUES ('278', '244', '冰品', '6', '0', '1', '2019-04-25 19:50:38', '2019-04-25 19:50:38');
INSERT INTO `dictionary` VALUES ('279', '244', '果汁', '6', '0', '1', '2019-04-25 19:50:46', '2019-04-25 19:50:46');
INSERT INTO `dictionary` VALUES ('280', '244', '糖水', '6', '0', '1', '2019-04-25 19:50:53', '2019-04-25 19:50:53');
INSERT INTO `dictionary` VALUES ('281', '244', '布丁', '6', '0', '1', '2019-04-25 19:51:09', '2019-04-25 19:51:09');
INSERT INTO `dictionary` VALUES ('282', '244', '果酱', '6', '0', '1', '2019-04-25 19:51:17', '2019-04-25 19:51:17');
INSERT INTO `dictionary` VALUES ('283', '244', '果冻', '6', '0', '1', '2019-04-25 19:51:26', '2019-04-25 19:51:26');
INSERT INTO `dictionary` VALUES ('284', '244', '酸奶', '6', '0', '1', '2019-04-25 19:51:36', '2019-04-25 19:51:36');
INSERT INTO `dictionary` VALUES ('285', '244', '鸡尾酒', '6', '0', '1', '2019-04-25 19:51:41', '2019-04-25 19:51:41');
INSERT INTO `dictionary` VALUES ('286', '244', '咖啡', '6', '0', '1', '2019-04-25 19:51:45', '2019-04-25 19:51:45');
INSERT INTO `dictionary` VALUES ('287', '244', '豆浆', '6', '0', '1', '2019-04-25 19:51:54', '2019-04-25 19:51:54');
INSERT INTO `dictionary` VALUES ('288', '244', '奶昔', '6', '0', '1', '2019-04-25 19:52:00', '2019-04-25 19:52:00');
INSERT INTO `dictionary` VALUES ('289', '244', '冰激凌', '6', '0', '1', '2019-04-25 19:52:05', '2019-04-25 19:52:21');
INSERT INTO `dictionary` VALUES ('290', '248', '粽子', '6', '0', '1', '2019-04-25 19:53:21', '2019-04-25 19:53:21');
INSERT INTO `dictionary` VALUES ('291', '248', '月饼', '6', '0', '1', '2019-04-25 19:53:30', '2019-04-25 19:53:30');
INSERT INTO `dictionary` VALUES ('292', '248', '春饼', '6', '0', '1', '2019-04-25 19:53:35', '2019-04-25 19:53:35');
INSERT INTO `dictionary` VALUES ('293', '248', '元宵', '6', '0', '1', '2019-04-25 19:53:46', '2019-04-25 19:53:46');
INSERT INTO `dictionary` VALUES ('294', '248', '汤圆', '6', '0', '1', '2019-04-25 19:53:51', '2019-04-25 19:53:51');
INSERT INTO `dictionary` VALUES ('295', '248', '青团', '6', '0', '1', '2019-04-25 19:53:59', '2019-04-25 19:53:59');
INSERT INTO `dictionary` VALUES ('296', '248', '腊八粥', '6', '0', '1', '2019-04-25 19:54:05', '2019-04-25 19:54:05');
INSERT INTO `dictionary` VALUES ('297', '248', '春卷', '6', '0', '1', '2019-04-25 19:54:16', '2019-04-25 19:54:16');
INSERT INTO `dictionary` VALUES ('298', '248', '传统美食', '6', '0', '1', '2019-04-25 19:54:26', '2019-04-25 19:54:26');
INSERT INTO `dictionary` VALUES ('299', '247', '蛋糕', '6', '0', '1', '2019-04-25 19:54:56', '2019-04-25 19:54:56');
INSERT INTO `dictionary` VALUES ('300', '247', '面包', '6', '0', '1', '2019-04-25 19:55:08', '2019-04-25 19:55:08');
INSERT INTO `dictionary` VALUES ('301', '247', '饼干', '6', '0', '1', '2019-04-25 19:55:14', '2019-04-25 19:55:14');
INSERT INTO `dictionary` VALUES ('302', '247', '派塔', '6', '0', '1', '2019-04-25 19:55:23', '2019-04-25 19:55:23');
INSERT INTO `dictionary` VALUES ('303', '247', '吐司', '6', '0', '1', '2019-04-25 19:56:17', '2019-04-25 19:56:17');
INSERT INTO `dictionary` VALUES ('304', '247', '戚风蛋糕', '6', '0', '1', '2019-04-25 19:56:33', '2019-04-25 19:56:33');
INSERT INTO `dictionary` VALUES ('305', '247', '纸杯蛋糕', '6', '0', '1', '2019-04-25 19:56:44', '2019-04-25 19:56:44');
INSERT INTO `dictionary` VALUES ('306', '247', '蛋糕卷', '6', '0', '1', '2019-04-25 19:56:52', '2019-04-25 19:56:52');
INSERT INTO `dictionary` VALUES ('307', '247', '玛芬蛋糕', '6', '0', '1', '2019-04-25 19:57:02', '2019-04-25 19:57:02');
INSERT INTO `dictionary` VALUES ('308', '247', '乳酪蛋糕', '6', '0', '1', '2019-04-25 19:57:19', '2019-04-25 19:57:19');
INSERT INTO `dictionary` VALUES ('309', '247', '芝士蛋糕', '6', '0', '1', '2019-04-25 19:57:31', '2019-04-25 19:57:31');
INSERT INTO `dictionary` VALUES ('310', '247', '奶油蛋糕', '6', '0', '1', '2019-04-25 19:57:36', '2019-04-25 19:57:36');
INSERT INTO `dictionary` VALUES ('311', '247', '披萨', '6', '0', '1', '2019-04-25 19:57:48', '2019-04-25 19:57:48');
INSERT INTO `dictionary` VALUES ('312', '247', '慕斯', '6', '0', '1', '2019-04-25 19:57:52', '2019-04-25 19:57:52');
INSERT INTO `dictionary` VALUES ('313', '247', '曲奇', '6', '0', '1', '2019-04-25 19:58:39', '2019-04-25 19:58:39');
INSERT INTO `dictionary` VALUES ('314', '247', '翻糖', '6', '0', '1', '2019-04-25 19:58:46', '2019-04-25 19:58:46');
INSERT INTO `dictionary` VALUES ('315', '246', '日本料理', '6', '0', '1', '2019-04-25 20:00:59', '2019-04-25 20:00:59');
INSERT INTO `dictionary` VALUES ('316', '246', '韩国料理', '6', '0', '1', '2019-04-25 20:01:10', '2019-04-25 20:01:10');
INSERT INTO `dictionary` VALUES ('317', '246', '泰国菜', '6', '0', '1', '2019-04-25 20:01:16', '2019-04-25 20:01:16');
INSERT INTO `dictionary` VALUES ('318', '246', '印度菜', '6', '0', '1', '2019-04-25 20:01:24', '2019-04-25 20:01:24');
INSERT INTO `dictionary` VALUES ('319', '246', '法国菜', '6', '0', '1', '2019-04-25 20:01:31', '2019-04-25 20:01:31');
INSERT INTO `dictionary` VALUES ('320', '246', '意大利菜', '6', '0', '1', '2019-04-25 20:01:45', '2019-04-25 20:01:45');
INSERT INTO `dictionary` VALUES ('321', '246', '西班牙菜', '6', '0', '1', '2019-04-25 20:01:55', '2019-04-25 20:01:55');
INSERT INTO `dictionary` VALUES ('322', '246', '英国菜', '6', '0', '1', '2019-04-25 20:02:00', '2019-04-25 20:02:00');
INSERT INTO `dictionary` VALUES ('323', '246', '越南菜', '6', '0', '1', '2019-04-25 20:02:11', '2019-04-25 20:02:11');
INSERT INTO `dictionary` VALUES ('324', '246', '墨西哥菜', '6', '0', '1', '2019-04-25 20:02:22', '2019-04-25 20:02:22');
INSERT INTO `dictionary` VALUES ('325', '246', '外国美食', '6', '0', '1', '2019-04-25 20:02:27', '2019-04-25 20:02:27');
INSERT INTO `dictionary` VALUES ('326', '245', '川菜', '6', '0', '1', '2019-04-25 20:04:57', '2019-04-25 20:04:57');
INSERT INTO `dictionary` VALUES ('327', '245', '鲁菜', '6', '0', '1', '2019-04-25 20:05:03', '2019-04-25 20:05:03');
INSERT INTO `dictionary` VALUES ('328', '245', '闽菜', '6', '0', '1', '2019-04-25 20:05:08', '2019-04-25 20:05:08');
INSERT INTO `dictionary` VALUES ('329', '245', '粤菜', '6', '0', '1', '2019-04-25 20:05:18', '2019-04-25 20:05:18');
INSERT INTO `dictionary` VALUES ('330', '245', '苏菜', '6', '0', '1', '2019-04-25 20:05:27', '2019-04-25 20:05:27');
INSERT INTO `dictionary` VALUES ('331', '245', '浙菜', '6', '0', '1', '2019-04-25 20:05:34', '2019-04-25 20:05:34');
INSERT INTO `dictionary` VALUES ('332', '245', '湘菜', '6', '0', '1', '2019-04-25 20:05:46', '2019-04-25 20:05:46');
INSERT INTO `dictionary` VALUES ('333', '245', '徽菜', '6', '0', '1', '2019-04-25 20:05:57', '2019-04-25 20:05:57');
INSERT INTO `dictionary` VALUES ('334', '245', '淮扬菜', '6', '0', '1', '2019-04-25 20:06:03', '2019-04-25 20:06:03');
INSERT INTO `dictionary` VALUES ('335', '245', '豫菜', '6', '0', '1', '2019-04-25 20:06:08', '2019-04-25 20:06:08');
INSERT INTO `dictionary` VALUES ('336', '245', '晋菜', '6', '0', '1', '2019-04-25 20:06:23', '2019-04-25 20:06:23');
INSERT INTO `dictionary` VALUES ('337', '245', '鄂菜', '6', '0', '1', '2019-04-25 20:06:33', '2019-04-25 20:06:33');
INSERT INTO `dictionary` VALUES ('338', '245', '云南菜', '6', '0', '1', '2019-04-25 20:06:43', '2019-04-25 20:06:43');
INSERT INTO `dictionary` VALUES ('339', '245', '北京菜', '6', '0', '1', '2019-04-25 20:06:50', '2019-04-25 20:06:50');
INSERT INTO `dictionary` VALUES ('340', '245', '东北菜', '6', '0', '1', '2019-04-25 20:06:55', '2019-04-25 20:06:55');
INSERT INTO `dictionary` VALUES ('341', '245', '西北菜', '6', '0', '1', '2019-04-25 20:07:01', '2019-04-25 20:07:01');
INSERT INTO `dictionary` VALUES ('342', '245', '贵州菜', '6', '0', '1', '2019-04-25 20:07:11', '2019-04-25 20:07:11');
INSERT INTO `dictionary` VALUES ('343', '245', '上海菜', '6', '0', '1', '2019-04-25 20:07:19', '2019-04-25 20:07:19');
INSERT INTO `dictionary` VALUES ('344', '245', '新疆菜', '6', '0', '1', '2019-04-25 20:07:26', '2019-04-25 20:07:26');
INSERT INTO `dictionary` VALUES ('345', '245', '客家菜', '6', '0', '1', '2019-04-25 20:07:36', '2019-04-25 20:07:36');
INSERT INTO `dictionary` VALUES ('346', '245', '台湾美食', '6', '0', '1', '2019-04-25 20:07:45', '2019-04-25 20:07:45');
INSERT INTO `dictionary` VALUES ('347', '245', '香港美食', '6', '0', '1', '2019-04-25 20:07:51', '2019-04-25 20:07:51');
INSERT INTO `dictionary` VALUES ('348', '245', '澳门美食', '6', '0', '1', '2019-04-25 20:08:00', '2019-04-25 20:08:00');
INSERT INTO `dictionary` VALUES ('349', '245', '赣菜', '6', '0', '1', '2019-04-25 20:08:10', '2019-04-25 20:08:10');
INSERT INTO `dictionary` VALUES ('350', '245', '中式菜系', '6', '0', '1', '2019-04-25 20:08:23', '2019-04-25 20:08:23');

-- ----------------------------
-- Table structure for `exhibition`
-- ----------------------------
DROP TABLE IF EXISTS `exhibition`;
CREATE TABLE `exhibition` (
  `exhibition_id` int(11) NOT NULL AUTO_INCREMENT,
  `path` varchar(255) DEFAULT NULL,
  `create_time` datetime DEFAULT NULL,
  PRIMARY KEY (`exhibition_id`)
) ENGINE=InnoDB AUTO_INCREMENT=72 DEFAULT CHARSET=utf8;

-- ----------------------------
-- Records of exhibition
-- ----------------------------
INSERT INTO `exhibition` VALUES ('66', '/upload/exhibition/20190530172356_3831.jpg', '2019-05-30 17:24:55');
INSERT INTO `exhibition` VALUES ('67', '/upload/exhibition/20190530172452_272.jpg', '2019-05-30 17:24:55');
INSERT INTO `exhibition` VALUES ('68', '/upload/exhibition/20190423193250_9826.jpg', '2019-05-30 17:24:55');
INSERT INTO `exhibition` VALUES ('69', '/upload/exhibition/20190423193244_7415.jpg', '2019-05-30 17:24:55');
INSERT INTO `exhibition` VALUES ('70', '/upload/exhibition/20190423193238_6297.jpg', '2019-05-30 17:24:55');
INSERT INTO `exhibition` VALUES ('71', '/upload/exhibition/20190423193224_8372.jpg', '2019-05-30 17:24:55');

-- ----------------------------
-- Table structure for `ingredient`
-- ----------------------------
DROP TABLE IF EXISTS `ingredient`;
CREATE TABLE `ingredient` (
  `ingredient_id` int(11) NOT NULL AUTO_INCREMENT,
  `ingredientname` varchar(50) DEFAULT NULL,
  `state` int(11) DEFAULT NULL,
  `introduction` varchar(1500) DEFAULT NULL,
  `nutrition` varchar(1500) DEFAULT NULL,
  `effect` varchar(1500) DEFAULT NULL,
  `apply` varchar(255) DEFAULT NULL,
  `taboo` varchar(255) DEFAULT NULL,
  `path` varchar(255) DEFAULT NULL,
  `season` varchar(255) DEFAULT NULL,
  `create_time` datetime DEFAULT NULL,
  `modified_time` datetime DEFAULT NULL,
  PRIMARY KEY (`ingredient_id`)
) ENGINE=InnoDB AUTO_INCREMENT=101 DEFAULT CHARSET=utf8;

-- ----------------------------
-- Records of ingredient
-- ----------------------------
INSERT INTO `ingredient` VALUES ('71', '菠菜', '1', '菠菜，藜科菠菜属一年生或二年生草本 。又称菠薐 、波斯草。以叶片及嫩茎供食用。原产波斯，2000年前已有栽培。后传到北非，由摩尔人传到西欧西班牙等国。菠菜647年传入唐朝。菠菜主根发达，肉质根红色，味甜可食。菠菜属耐寒性蔬菜，长日照植物。中国北方也有冬季播种 、来春收获的 ，俗称埋头菠菜。条播或撒播均可。菠菜的主要病害有霜霉病、病毒病、炭疽病，主要虫害有蚜虫、潜叶蝇等。<br>菠菜营养成分极其丰富，菠菜叶含锌56～68毫克/公斤(干重)，叶酸1.22微克/克，氨基酸和叶黄素、β-胡萝卜素、新-β-胡萝卜素B、新-β-胡萝卜素。菠菜茎叶柔软滑嫩、味美色鲜，含有丰富维生素C、胡萝卜素、蛋白质，以及铁、钙、磷等矿物质。小编最常见的吃法是炒着吃、烫着吃，还可以烧汤。  <br>如何选购较好的菠菜呢？<br>1、选购菠菜时，看其是否色泽浓绿，根部是否为红色，这样的菠菜较好。<br>2、选择较嫩的菠菜，表现为茎叶不老、无抽苔开花等，不要购买存在黄色枯萎叶子的菠菜。<br>  3、若发现菠菜叶子出现局部暗黄、变色等现象，不要选购。<br>4、选购叶子厚度较大的菠菜，用手托住根部能够伸张开来的菠菜较好，适合购买。<br> 5、选择叶子较大的菠菜，其叶面较宽，叶柄较短为最好。', '菠菜含有丰富的维他命A、维他命C及矿物质，尤其维他命A、维他命C含量是所有蔬菜类之冠，人体造血物质铁的含量也比其它蔬菜为多，对于胃肠障碍、便秘、痛风、皮肤病、各种神经疾病、贫血确有特殊食疗效果。对解酒毒及防止齿槽脓漏现象亦具有食疗神效。<br>菠菜中含有大量的β胡萝卜素和铁，也是维生素B6、叶酸、铁和钾的极佳来源。其中丰富的铁对缺铁性贫血有改善作用，能令人面色红润，光彩照人，因此被推崇为养颜佳品。菠菜叶中含有铬和一种类胰岛素样物质，其作用与胰岛素非常相似，能使血糖保持稳定。丰富的B族维生素含量使其能够防止口角炎、夜盲症等维生素缺乏症的发生。<br>菠菜中含有大量的抗氧化剂如维生素E和硒元素，具有抗衰老、促进细胞增殖作用，既能激活大脑功能，又可增强青春活力，有助于防止大脑的老化，防止老年痴呆症。哈佛大学的一项研究还发现，每周食用2～4次菠菜的中老年人，因摄入了维生素A和胡萝卜素，可降低患视网膜退化的危险，从而保护视力。', '1、通肠导便、防治痔疮：菠菜含有大量的植物粗纤维，具有促进肠道蠕动的作用，利于排便，且能促进胰腺分泌，帮助消化。对于痔疮、慢性胰腺炎、便秘、肛裂等病症有治疗作用。<br>2、促进生长发育、增强抗病能力：菠菜中所含的胡萝卜素，在人体内转变成维生素A，能维护正常视力和上皮细胞的健康，增加预防传染病的能力，促进儿童生长发育。<br>\n3、保障营养、增进健康：菠菜中含有丰富的胡萝卜素、维生素C、钙、磷及一定量的铁、维生素E等有益成分，能供给人体多种营养物质；其所含铁质，对缺铁性贫血有较好的辅助治疗作用。<br>4、促进人体新陈代谢：菠菜中所含微量元素物质，能促进人体新陈代谢，增进身体健康。大量食用菠菜，可降低中风的危险；', '菠菜烹熟后软滑易消化，特别适合老、幼、病、弱者食用。电脑工作者、爱美的人也应常食菠菜；糖尿病人。', '不适宜肾炎患者、肾结石患者。菠菜草酸含量较高，一次食用不宜过多；另外脾虚便溏者不宜多食。', '/upload/ingredient/20190425202725_4696.jpg', '5', '2019-04-25 20:22:34', '2019-05-12 18:54:53');
INSERT INTO `ingredient` VALUES ('72', '盐水杏仁', '2', '', null, null, null, null, null, null, '2019-04-25 20:22:34', '2019-04-25 21:30:33');
INSERT INTO `ingredient` VALUES ('73', '香油', '1', '芝麻油简称麻油，俗称香油，是以芝麻为原料加工制取的食用植物油，属半干性油，是消费者喜爱的调味品。<br>\n香油的选购技巧<br>\n1、辨色法：纯香油呈红色或橙红色，机榨香油比小磨香油颜色淡，香油中掺入菜籽油则颜色深黄，掺入棉籽油则颜色深红。<br>\n2、水试法：用筷子蘸一滴香油滴到平静的凉水面上，纯香油会呈现出无色透明的薄薄的大油花。掺假香油的油花小而厚，且不易扩散。经验证此法在区分纯香油与调和香油时，水温有决定性作用，凉水两者都不散，无法区分；温水两者都散开，但油花形状与大小不一致。<br>\n3、嗅闻法：小磨香油香味醇厚、浓郁、独特，如掺进了花生油、豆油、精炼油、菜籽油等则不但香味差，而且会有花生、豆腥等其它气味。部分香油是由食用香精勾兑而成，嗅感比较差。<br>\n消费者在购买芝麻油时也可从以下几个方面进行鉴别：<br>\n一看色泽：纯香油呈淡红色或红中带黄，如掺入其他油，色就不同。掺菜籽油呈深黄色，掺棉籽油呈黑红色。对于掺有其他植物油的产品，也可采用水试法：用筷子醮一滴香油滴到平静的水面上，纯香油会呈现出无色透明的薄薄的大油花，掺假的则会出现较厚较小的油花。<br>\n二看透明度：一般质量好的香油透明度好，无浑浊。<br>\n三看有无沉淀物：质量好的无沉淀和悬浮物，粘度小。<br>\n四看有无分层现象：香油对温度相当敏感，所以在温度较低时有可能分层。若在常温下有分层、0℃下粘度无明显增加，（国家标准在做冷冻试验时在摄氏零度存放5.5时，不结冻为合格）不凝则很可能是掺假的混杂油。若在什么温度下都无分层，说明香油中加入了防冻添加剂。<br>', '芝麻榨成油不但具有浓郁的香气，可促进食欲，更有利于招牌营养素的吸。其中含量近70%的维生素E具有优异的抗氧化作用，可以保肝护心，延缓衰老。<br>\n从芝麻中榨出香油中所含的卵磷脂都是益寿延年抗衰老的上佳成分，是中老年人最好的冬令补品。<br>\n香油是一种促凝血药，用于治疗血小板减少性紫癜和出血性素质有一定效果。<br>', '1、延缓衰老：香油中含丰富的维生素E，具有促进细胞分裂和延缓衰老的功能。<br>2、保护血管：香油中含有40%左右的亚油酸、棕榈酸等不饱和脂肪酸，容易被人体分解 吸收和利用，以促进胆固醇的代谢，并有助于消除动脉血管壁上的沉积物。<br>3、润肠通便：习惯性便秘患者，早晚空腹喝一口香油，能润肠通便。<br>4、减轻烟酒毒害：有抽烟习惯和嗜酒的人经常喝点香油，可以减轻烟对牙齿、牙龈、口腔黏膜的直接刺激和损伤，以及肺部烟斑的形成，同时对尼古丁的吸收也有相对的抑制作用。饮酒之前喝点香油，则对口腔、食道、胃贲门和胃黏膜起到一定的保护作用。<br>5、保护嗓子：常喝香油能增强声带弹性，使声门张合灵活有力，对声音嘶哑、慢性咽喉炎有良好的恢复作用。<br>6、治疗鼻炎：慢性鼻炎患者，用消毒棉球蘸取香油涂于鼻腔患处，一次见效，两次症状全。<br>香油长期食用，抵抗力下降，身体冰凉，易引起消化道功能紊乱.', '一般人群均可食用。', '患有菌痢、急性胃肠炎、腹泻等病症者忌多食。', '/upload/ingredient/20190425222623_9766.jpg', '0', '2019-04-25 20:22:34', '2019-04-25 22:31:37');
INSERT INTO `ingredient` VALUES ('74', '盐', '1', '盐是指一类金属离子或铵根离子（NH4+）与酸根离子或非金属离子结合的化合物。如氯化钠，硝酸钙，硫酸亚铁和乙酸铵等，如硫酸钙，氯化铜，醋酸钠，一般来说盐是复分解反应的生成物，盐与盐反应生成新盐与新盐，盐与碱反应生成新盐与新碱，盐与酸反应生成新盐与新酸，如硫酸与氢氧化钠生成硫酸钠和水，氯化钠与硝酸银反应生成氯化银与硝酸钠等。也有其他的反应可生成盐，例如置换反应。可溶性盐的溶液有导电性，是因为溶液中有可自由游动的离子，故此可作为电解质。盐酸既是盐化工的重要产品，又是生产硅材料的重要原料。它是晶体的一种。', '食盐主要成分为氯化钠氯化钠的性质：白色晶体，易溶于水。溶解度随温度变化不大。味咸可食用（实验中有掺加碘酸钾）。颜色反应为黄色（钠离子的物理性质）。他的水溶液能与硝酸银溶液反应生成白色不容于稀硝酸的沉淀，（氯离子的化学性质）常温下大多为固体，在水中溶解性不同', '1、杀菌：盐水有杀菌、保鲜防腐作用。用来清洗创伤可以防止感染，撒在食物上可以短期保鲜，用来腌制食物还能防变质。<br>\n2、调味道：食盐调味，能多项式发腻提鲜，祛除腥膻之味，使食物保持原料的本味。<br>\n3、促进皮肤的新陈代谢：用盐调水能清除皮肤表面的角质和污垢，使皮肤呈现出一种鲜嫩、透明的靓丽之感可以促进全身皮肤的新陈代谢，防治某些皮肤病，起到较好的自我保健作用。<br>', '适宜急性胃肠炎者、呕吐腹泻者，炎夏中暑多汗烦渴者、咽喉肿痛、口腔发炎、齿龈出血者以及胃酸缺乏引起消化不良、大便干结和习惯性便秘者食用。', '咳嗽消渴、水肿病人不宜食用。', '/upload/ingredient/20190425223457_127.jpg', '0', '2019-04-25 20:22:34', '2019-05-06 01:31:15');
INSERT INTO `ingredient` VALUES ('75', 'aa', '2', null, null, null, null, null, null, null, '2019-04-28 15:37:01', '2019-05-11 16:27:25');
INSERT INTO `ingredient` VALUES ('76', '大闸蟹', '1', '蟹乃食中珍味，素有“一盘蟹，顶桌菜”的民谚。它不但味美，且营养丰富，是一种高蛋白的补品。蟹肉是用海蟹剥制而成，外型为长短不等的条状或块状，呈淡黄色。<br>\n大闸蟹的选购技巧<br>\n正宗蟹王宫阳澄湖大闸蟹有四大特征：<br>青背：阳澄湖大闸蟹的蟹壳成青泥色，平滑而有光泽；由于这种色彩大方洁净，惹人喜爱，故称青壳蟹。这是清澈的阳澄湖水赋予它的独特外表。上海蟹王宫阳澄湖大闸蟹的青背上象涂上一层明油，粗看近似灰色，细看水晶灯，灰中带青，青而发亮，和其他螃蟹相比，显得神气十足，简直象个威风凛凛、光彩照人的铁甲将军。<br>白肚：贴泥的脐腹甲壳，晶莹洁白，无墨色斑点；上海蟹王宫阳澄湖大闸蟹肚壳一般都是白色的，白得不同寻常，它白中带，有光泽，给人晶莹洁白的感觉。这是因为清澈的阳澄湖湖底长有茂密的猪鬃草和其它水草，，栖息在这里的大闸蟹常在水草上爬行，与水草发生磨擦，犹如器皿在清水中不停地洗涮、上光。因此，阳澄湖大闸蟹的白肚外观上能给人一种玉质般的美感。<br>金爪：蟹王宫阳澄湖大闸蟹的蟹爪金黄，坚实有力，放在玻璃板上，八足挺立，双螯腾空，脐背隆起，威风凛凛。阳澄湖大闸蟹蟹爪近似上等烟丝的金黄色，故又名金爪蟹，而普通螃蟹常与泥浆接触，则呈灰褐色。阳澄湖大闸蟹的“金爪”，也是阳澄湖得天独厚的自然环境赋予它的，螃蟹在湖底爬行，爪子常插入黄泥砂砾，常踩踏水草，这不仅比常在松软的泥浆中爬行洁净得多；而且由于湖底坚硬、平坦，宛如一个天然运动场，蟹在上面爬行，自然就练出了与其魁梧身材相称的坚强有力的爪子。<br>黄毛：蟹王宫阳澄湖大闸蟹的蟹腿的毛长而呈黄色，根根挺拔；上海蟹王宫阳澄湖大闸蟹两螯八腿上的茸毛都是金黄色的，且长达3-4厘米，普通的螃蟹不仅爪呈灰褐色，而且螃蟹的茸毛也短。  ', '1、螃蟹含有丰富的蛋白质，较少的脂肪和碳水化合物。<br>\n2、蟹黄中的胆固醇含量较高。<br>\n3、螃蟹含有丰富的钙、磷、钾、钠、镁、硒等微量元素。<br>\n4、螃蟹中含有丰富的维生素D。', '1、螃蟹还有抗结核作用，吃蟹对结核病的康复大有补益。<br>\n2、螃蟹有清热解毒、补骨添髓、养筋活血、通经络、利肢节、续绝伤、滋肝阴、充胃液之功效。<br>\n3、对于淤血、损伤、黄疸、腰腿酸痛和风湿性关节炎等疾病有一定的食疗效果。', '一般人群均可食用。', '脾胃虚寒、痛经、怀孕妇女忌食。', '/upload/ingredient/20190510184643_7454.jpg', '9', '2019-04-28 17:15:58', '2019-05-10 18:50:27');
INSERT INTO `ingredient` VALUES ('77', '粗粒海盐', '2', null, null, null, null, null, null, null, '2019-04-28 17:15:58', '2019-05-10 19:09:21');
INSERT INTO `ingredient` VALUES ('78', '草莓', '1', '草莓又叫红莓、洋莓、地莓等，是一种红色的水果。草莓是对蔷薇科草莓属植物的通称，属多年生草本植物。草莓的外观呈心形，鲜美红嫩，果肉多汁，含有特殊的浓郁水果芳香。草莓营养价值高，含丰富维生素C ，有帮助消化的功效，与此同时，草莓还可以巩固齿龈，清新口气，润泽喉部。<br>\n草莓的选购技巧<br>\n看外观，太大的和长得奇形怪状的畸形草莓不能买，个头大的草莓多是在种植中使用激素的。有些草莓色鲜个大，颗粒上有畸形凸起，咬开后中间有空心，长期大量食用有可能损害人体健康<br>看颜色。挑选的时候应该尽量挑选全果鲜红均匀，色泽鲜亮，有光泽的。不宜选购未全红的果实或半红半青的果实。<br>闻香气。自然成熟的草莓会有浓厚的果香，而染色草莓没有香气，或是淡淡的青涩气<br>看草莓上的籽。如果是白色的，就是自然成熟的;如果籽是红色的，那么就一定是染色的<br>看表面。蒂头叶片鲜绿、有细小绒毛、表面光亮、无损伤腐烂的草莓才是好草莓。表面有白色或灰色斑点的可能是生病的草莓。<br>看内部，自然成熟的草莓，瓤是红色的，只有内芯会有一点点白色，而且果香非常浓厚。染色的草莓，瓤是白色的，没有香气', '1、草莓中所含的胡萝卜素是合成维生素A的重要物质，具有明目养肝作用；<br>2、草莓对胃肠道和贫血均有一定的滋补调理作用；<br>3、草莓除可以预防坏血病外，对防治动脉硬化，冠心病也有较好的疗效；<br>4、草莓是鞣酸含量丰富的植物，在体内可吸附和阻止致癌化学物质的吸收，具有防癌作用；<br>5、草莓中含有天冬氨酸，可以自然平和的清除体内的重金属离子。', '1、养肝明目：草莓中含有胡萝卜素，它可是合成维生素A的重要物质，因此具有养肝明目的功效。<br>2、补血：草莓可以缓解贫血，还能调理胃肠道的健康。\n3、防癌：草莓中的鞣酸含量是很丰富的，在体内可吸附和阻止致癌化学物质的吸收，具有防癌作用。<br>4、润肺生津：草莓可以去除肺燥肺热，滋阴润肺，能够让呼吸更加畅通。<br>5、通便：草莓中含有果胶和纤维素，可以有效促进肠道蠕动，减少便秘、痔疮，甚至肠癌的发生。', '风热咳嗽、咽喉肿痛、声音嘶哑者；夏季烦热口干或腹泻如水者；癌症，特别是鼻咽癌、肺癌、扁桃体癌、喉癌患者尤宜食用。', '痰湿内盛、肠滑便泻者、尿路结石病人不宜多食。', '/upload/ingredient/20190510035043_2062.jpg', '5', '2019-05-10 03:27:23', '2019-05-10 03:58:48');
INSERT INTO `ingredient` VALUES ('79', '芒果', '1', '一种原产印度的常绿乔木，叶革质，互生；性温，花小，黄色或淡红色，成顶生的圆锥花序，产杧果和劣质淡灰色木材。也作为有游戏名，和一些别称使用。芒果果实含有糖、蛋白质、粗纤维，芒果所含有的维生素A的前体胡萝卜素成分特别高，是所有水果中少见的。其次维生素C含量也不低。矿物质、蛋白质、脂肪、糖类等，也是其主要营养成分。芒果为著名热带水果之一，因其果肉细腻，风味独特，深受人们喜爱，所以素有“热带果王”之誉称 。<br>\n芒果的选购技巧<br>\n第一步，看色泽。我们在市面上看到的芒果，好像都是金黄金黄的。但是，在这里，我要澄清一下，并不是所有芒果都是金黄的。一般来说，金黄是大部分芒果成熟的颜色或者色泽，但是有的芒果成熟后也并非黄色。有一种产地称“红芒”，一般是红色的时候就可以吃的了，只是口味与其他金黄的芒果不大一样，但是口味这个，见仁见智。其他的芒果，金黄的色泽是重要的。当然，如果你是想买还没成熟的芒果，青绿色、光滑外皮的就不错。<br>第二步，看外皮。成熟了的芒果，外皮完好，但是不排斥黑点。根据成熟程度的不一样，有的芒果稍微带个小小的黑点，也是可以的，黑点不大、没有扩散、没有烂掉的痕迹。<br>第三步，看手感。手感，不用捏。捏了的芒果，在受力处会出现凹痕，里面有损坏，时间一久，会烂掉。拿起来掂量或者感觉就行。好的芒果，感觉光滑度适中，皮薄、可以感觉到里面果肉的嫩。如果拿起来，发现果肉松动，可能里面已经有点问题，只是没有表现出来。<br>第四步，闻。成熟的芒果，是有香味的，特别是在芒果柄。而且芒果柄也会变成黑色，同时有萎缩的现象。因为摘下来后，已经是没有营养供给、缺水，是成熟的过程。<br>第五步，试吃。这个步骤，应在有条件的情况下进行，如果档主不大乐意，那就慎试。好的芒果，果肉光滑、有香味。如果还没熟透，可能会带一点的酸味。但是绝对不会带其他腐烂的味道，如果有异味，最好停止食用。另外，如果剥开后，发现里面果核变颜色或者有坏了的迹象，也谨慎处理。', '芒果果实营养价值极高，维生素A含量高达3.8%，比杏子还要多出1倍。维生素C的含量也超过桔子、草莓。芒果含有糖、蛋白质及钙、磷、铁等营养成分，均为人体所必需。根据对我国芒果产区几个芒果主要品种分析资料归纳，芒果可溶性固形物14%-24.8%，含糖量11%-19%，蛋白质0.65%-1.31%，每100克果肉含胡萝卜素2281-6304微克，而且人体必需的微量无素〈硒、钙、磷、钾等〉含量也很高。', '1、防治心血管疾病：芒果中含维生素C量高于一般水果，降低胆固醇、甘油三酯，有利于防治心血管疾病。<br>\n2、抗癌：据芒果含有大量的维生素A，具有防癌、抗癌的作用。<br>\n3、美化肌肤：经常食用芒果，可以起到滋润肌肤的作用。<br>\n4、明目：芒果维生素A原含量占水果之首位，具有明目的作用。<br>\n5、防治便秘：促进排便，对于防治便秘具有一定的好处。<br>\n6、杀菌：芒果叶的提取物具有抑制流感病毒的作用。<br>\n7、祛痰止咳：芒果对咳嗽痰多气喘等症有辅助治疗作用。<br>\n8、防止晕车：食用芒果对于晕车、晕船有一定的止吐作用。<br>', '一般人群均可食用。', '皮肤病、肿瘤、糖尿病患者忌食。', '/upload/ingredient/20190510041636_282.jpg', '6', '2019-05-10 03:27:23', '2019-05-10 04:19:50');
INSERT INTO `ingredient` VALUES ('80', '酥皮', '1', null, null, null, null, null, '/upload/ingredient/20190510183926_8308.jpg', '0', '2019-05-10 03:27:23', '2019-05-10 18:39:30');
INSERT INTO `ingredient` VALUES ('81', '卡仕达酱', '1', null, null, null, null, null, '/upload/ingredient/20190510184019_4666.jpg', '0', '2019-05-10 03:27:23', '2019-05-10 18:40:34');
INSERT INTO `ingredient` VALUES ('82', '薄荷叶', '1', '薄荷，土名叫“银丹草”，别名番荷菜、升阳菜。为唇形科植物，“薄荷”即同属其他干燥全草，多生于山野湿地河旁，根茎横生地下。全株青气芳香。叶对生，花小淡紫色，唇形，花后结暗紫棕色的小粒果。薄荷是中华常用中药之一。它是辛凉性发汗解热药，治流行性感冒、头疼、目赤、身热、咽喉、牙床肿痛等症。外用可治神经痛、皮肤瘙痒、皮疹和湿疹等。光朋温室采摘的薄荷又是春节餐桌上的鲜菜。清爽可口。平常以薄荷代茶，清心明目。<br>\n薄荷的选购技巧<br>\n薄荷以叶多、色绿、气味浓香为佳。腐败变质，有异味的不宜选购。', '含挥发油，油中主要为I-薄荷醇、1-薄荷酮及薄荷酯类等。', '1、刺激和抑制神经：薄荷具有刺激中枢神经的功效，作用于皮肤有灼感和冷感同时，它对感觉神经末梢又有抑制和麻痹的作用；因此，可用作抗刺激剂和皮肤兴奋剂。既对皮肤瘙痒具有抗过敏和止痒作用，又对神经痛和风湿关节痛具有明显的缓解和镇痛作用。<br>\n2、消炎抗菌：薄荷对蚊虫叮咬皮肤有脱敏、消炎和抗菌的作用；对上呼吸道感染亦有明显的止咳、消炎和抑菌作用；对痔疮、肛裂有消肿止痛、消炎抗菌的作用。<br>\n3、健胃祛风：口含有薄荷产品的方剂，对于味觉神经和嗅觉神经有兴奋的作用。它对口腔粘膜有炮热感和刺激作用，能促进口腔流涎、增进食欲、增加胃粘膜的供血量，改进消化功能。有益于治疗食积不化、解除胃脘涨滞感觉。也可治疗呃逆和痉挛性胃痛。此外，薄荷在肠道内亦有较好的驱风作用，能减轻肠充气、驰缓肠肌蠕动，具有减缓肠疝痛的作用。<br>\n4、芳香调味：主要利用薄荷所特有的清凉润喉而芳香宜人的气味来掩饰和改善一些具有异味和难以吞服的药物的不适感。<br>', '一般人群均可食用.', '汗多表虚、阴虚血燥体质者不宜食甩腹泻便溏、平素脾胃虚寒者不宜多食久食.', '/upload/ingredient/20190510184205_2880.jpg', null, '2019-05-10 03:27:24', '2019-05-10 18:43:49');
INSERT INTO `ingredient` VALUES ('83', '糖粉', '1', '糖粉为洁白的粉末状糖类，颗粒非常细，同时约有3~10% 左右的淀粉混合物（一般为玉米粉），有防潮及防止糖粒纠结的作用。糖粉也可直接以网筛过滤，直接筛在西点成品上做表面装饰。糖粉分为白砂糖粉和冰糖粉二种。前者通常用于西餐的烹饪，后者多用于高档饮料的甜味剂。<br>\n糖粉的选购技巧<br>\n购买时尽量挑选比较知名的品牌，糖粉分普通糖粉和防潮糖粉两种，普通糖粉可以用来制作蛋糕和饼干，防潮糖粉只能用来装饰蛋糕表面。', '富含碳水化合物，构成机体的重要物质。', '润肺生津、止咳、和中益肺、舒缓肝气、滋阴、调味、除口臭。', '一般人群均可食用。', '肥胖、血脂较高者不宜多食糖粉，糖尿病者慎食。', '/upload/ingredient/20190510184440_8689.jpg', '0', '2019-05-10 03:27:24', '2019-05-10 18:45:28');
INSERT INTO `ingredient` VALUES ('84', '莴苣', '1', '莴苣，菊科，莴苣属，1.二年生草本植物。莴苣可分为叶用和茎用两类。莴苣的名称很多，在本草书上称作“千金菜”，“莴苣”和“石苣”。叶用莴苣又称春菜、生菜，茎用莴苣又称莴笋、香笋。我国各地栽培面积莴笋比生菜多。莴笋的肉质嫩，茎可生食、凉拌、炒食、干制或腌渍。生菜主要食叶片或叶球，近年来在各大城市尤其是南方沿海各省的大城市有所发展，成为当前增加花式品种的主要蔬菜。莴苣茎叶中含有莴苣素，味苦，高温干旱苦味浓，能增强胃液，刺激消化，增进食欲，并具有镇痛和催眠的作用。<br>\n莴苣的选购技巧<br>\n1、看看叶子。莴苣的叶子要青绿并且鲜嫩，而不是干黄枯萎的，一般情况下，如果莴笋的叶子非常青绿，那就可以说明莴笋非常新鲜，新鲜的莴笋水分多，口感很好，因此新鲜是好莴笋的第一要素。<br>\n2、握握莴笋的杆。莴笋新鲜的水分多，握起来应该是有一定硬度的，而当感觉有点软的时候，那么久说明已经流失过多的水分，也就是说不够新鲜了。<br>\n3、看看横截面。莴笋分为两种，一种皮非常厚，有一种皮非常薄，通过横截面一看就能看出来。一般情况下，皮薄且看起来皮与肉之间非常分明，这种莴笋新鲜的时候吃起来非常香脆，且皮子不会占据太多的重量。<br>\n4、看莴笋肉的颜色以及是否空心。有些莴笋看起来非常的好，特别是新鲜的时候，但经不起细看。看看莴笋的肉，会发现有些是深绿色有些则是青黄色，这种绿色食物自然是绿色深的才好，这点需要注意。', '莴苣的营养成分很多，包括蛋白质、脂肪、糖类、灰分、维生素A原、维生素B1、维生素B2、维生素c、钙、磷、铁、钾、镁、硅等和食物纤维，故可增进骨骼、毛发、皮肤的发育，有助于人的生长。多食易上火，对视力有影响。青笋茎叶中含有莴苣素，味苦，高温干旱苦味浓，能增强胃液，刺激消化，增进食欲，并具有镇痛和催眠的作用。青笋原产地中海沿岸，公元前4500年时青笋在地中海沿岸普遍栽种。青笋中碳水化合物的含量较低，而无机盐、维生素则含量较丰富，尤其是含有较多 的烟酸。烟酸是胰岛素的激活 剂，糖尿病人经常吃些莴苣，可改善糖的代谢功能。莴苣中还含有一定量的微量元素锌、铁，特别是青笋中的铁元素很容易被人体吸收，经常食用新鲜莴苣，可以防治缺铁性贫血。\n', '1、止血：莴笋叶有止血的功效，特别是牙龈出血时可含服莴笋汁。<br>\n2、止痛：莴笋对小儿肚子痛或成人伤风腹痛有很好的止痛效果。<br>\n3、润肠通便：莴笋含有丰富的膳食纤维，有较好的润肠通便的疗效。<br>\n4、补血：莴笋所含的有机化合物富含人体可吸收的铁元素，对缺铁性贫血病人有利。<br>\n5、健胃消食：莴笋略带苦味，促进消化酶分泌，健胃消食。', '一般人均可食用。尤适宜婴幼儿、乳母。', '视力弱者、眼疾、夜盲症患者忌食。', '/upload/ingredient/20190510194124_7117.jpg', '6', '2019-05-10 19:34:09', '2019-05-10 19:44:48');
INSERT INTO `ingredient` VALUES ('85', '肉片', '0', null, null, null, null, null, null, null, '2019-05-10 19:34:09', '2019-05-10 19:34:09');
INSERT INTO `ingredient` VALUES ('86', '鸡精', '0', null, null, null, null, null, null, null, '2019-05-10 19:34:09', '2019-05-10 19:34:09');
INSERT INTO `ingredient` VALUES ('87', '黄瓜', '1', '黄瓜，也称胡瓜、青瓜，属葫芦科植物。广泛分布于中国各地，并且为主要的温室产品之一。黄瓜是由西汉时期张骞出使西域带回中原的，称为胡瓜，五胡十六国时后赵皇帝石勒忌讳“胡”字，汉臣襄国郡守樊坦将其改为“黄瓜”。黄瓜的茎上覆有毛，富含汁液，叶片的外观有3-5枚裂片，覆有绒毛。<br>\n黄瓜的选购技巧<br>\n黄瓜是一年四季都能吃到的减肥蔬菜，含水量大，维生素含量高，是非常适合经常食用的绿色蔬菜。<br>蔬菜市场上的黄瓜品种很多，但基本上是三大类型：<br>一是无刺种。皮光无刺，色淡绿，吃口脆，水分多，系从国外引进的黄瓜品种。<br>二是少刺种。果面光滑少刺(刺多位黑色)，皮薄肉厚，水分多。味鲜，带甜味。<br>三是密刺种，果面瘤密刺多（刺多为白色），绿色，皮厚，吃口脆，香味浓。上面所说三类黄瓜，生食时口感不同。<br>简单地说，无刺品 种淡，少刺品种鲜，密刺品种香。不管什么品种，无疑都要选嫩的，最好是带花的（花冠残存于脐部）。同时，任何品种都要挑硬梆梆的。因为黄瓜含水量高96.2%，刚收下来，瓜条总是硬的，失水后才会变软。所以软黄瓜必定失鲜。但硬梆梆的的不一定都是新鲜。因为，把变软的黄瓜浸在水里就会复水变硬。只是瓜的脐部还有些软，且瓜面无光泽，残留的花冠多已不复存在。消费者购买时很易识别。', '黄瓜这种蔬菜的营养价值是非常高的，并且含有丰富的我们人体所需要的各种营养物质的，黄瓜中富含蛋白质、钙、磷、铁、钾、胡萝卜素、维生素B2、维生素c、维生素E及烟酸等营养素。黄瓜所含的钾盐十分丰富，具有加速血液新陈代谢、排泄体内多余盐分的作用，故肾炎、膀胱炎患者生食黄瓜，对机体康复有良好的效果。黄瓜中所含的丙醇二酸，可抑制糖类物质转变为脂肪，所以适当的食用黄瓜，也是可以帮助我们大家预防发胖的情况的。', '1、抗肿瘤：黄瓜中含有的葫芦素C具有提高人体免疫功能的作用，达到抗肿瘤目的。此外，该物质还可治疗慢性肝炎和迁延性肝炎，对原发性肝癌患者有延长生存期作用。<br>\n2、抗衰老：黄瓜中含有丰富的维生素E，可起到延年益寿，抗衰老的作用；黄瓜中的黄瓜酶，有很强的生物活性，能有效地促进机体的新陈代谢。用黄瓜捣汁涂擦皮肤，有润肤，舒展皱纹功效。<br>\n3、防酒精中毒：黄瓜中所含的丙氨酸、精氨酸和谷胺酰胺对肝脏病人，特别是对酒精性肝硬化患者有一定辅助治疗作用，可防治酒精中毒。<br>\n4、降血糖：黄瓜中所含的葡萄糖甙、果糖等不参与通常的糖代谢，故糖尿病人以黄瓜代淀粉类食物充饥，血糖非但不会升高，甚至会降低。<br>\n5、减肥强体：黄瓜中所含的丙醇二酸，可抑制糖类物质转变为脂肪。此外，黄瓜中的纤维素对促进人体肠道内腐败物质的排除和降低胆固醇有一定作用，能强身健体。<br>\n6、健脑安神：黄瓜含有维生素B1，对改善大脑和神经系统功能有利，能安神定志，辅助治疗失眠症。', '一般人群均可食用。尤适宜热病患者、肥胖、高血压、高血脂、水肿、癌症、嗜酒者、糖尿病人。', '脾胃虚弱、腹痛腹泻、肺寒咳嗽者；肝病、心血管病、肠胃病患者慎食。', '/upload/ingredient/20190510195501_2946.jpg', '6', '2019-05-10 19:51:39', '2019-05-10 19:55:02');
INSERT INTO `ingredient` VALUES ('88', '大蒜', '0', null, null, null, null, null, null, null, '2019-05-10 19:51:39', '2019-05-10 19:51:39');
INSERT INTO `ingredient` VALUES ('89', '醋', '0', null, null, null, null, null, null, null, '2019-05-10 19:51:39', '2019-05-10 19:51:39');
INSERT INTO `ingredient` VALUES ('90', '牛肉', '0', null, null, null, null, null, null, null, '2019-05-10 20:06:26', '2019-05-10 20:06:26');
INSERT INTO `ingredient` VALUES ('91', '西红柿', '1', '番茄(tomato)别名西红柿、洋柿子，古名六月柿、喜报三元。果实营养丰富，具特殊风味。可以生食、煮食、加工制成番茄酱、汁或整果罐藏。番茄是全世界栽培最为普遍的果菜之一。 美国、苏联、意大利和中国为主要生产国。在欧、美洲的国家、中国和日本有大面积温室、塑料大棚及其他保护地设施栽培。中国各地普遍种植。栽培面积仍在继续扩大。<br>\n西红柿的选购技巧<br>\n1，看颜色。不同颜色的西红柿具有不同的保健功效，如红色浓重的，富含番茄红素，对预防癌症很有好处。橙色的西红柿，番茄红素含量少，但胡萝卜素含量高一些。粉红色的西红柿，含有少量番茄红素，胡萝卜素也较少。浅黄色的西红柿，含少量胡萝卜素，不含番茄红素。当西红柿成熟时，色泽会由青变红。特别提醒：未成熟的发青的西红柿尽量不要生吃。因为未成熟的青西红柿中含有大量的生物碱，可被胃酸水解成番茄次碱，多食会出现恶心、呕吐、流涎等中毒症状。<br>\n2，看果形。美味的西红柿要圆、大、有蒂，硬度适宜，富有弹性。扁圆形的果肉薄，正圆形的果肉厚。不要购买带长尖或畸形的西红柿，这样的西红柿大多是由于过量使用植物生长调节剂造成的。<br>\n3，看着色。在选购生吃西红柿时，还需注意不要购买着色不匀、花脸的西红柿，因为这很可能是由于西红柿病害造成的，味道和营养均很差。<br>', '番茄含有对心血管具有保护作用的维生素和矿物质元素，能减少心脏病的发作。\n番茄红素具有独特的抗氧化能力，能清除自由基，保护细胞，使脱氧核糖核酸及基因免遭破坏，能阻止癌变进程。西红柿除了对前列腺癌有预防作用外，还能有效减少胰腺癌、直肠癌、喉癌、口腔癌、肺癌、乳腺癌等癌症的发病危险。<br>\n番茄中的维C，有生津止渴，健胃消食，凉血平肝，清热解毒，降低血压之功效，对高血压、肾脏病人有良好的辅助治疗作用。多吃番茄具有抗衰老作用，使皮肤保持白皙。\n尼克酸能维持胃液的正常分泌，促进红血球的形成，有利于保持血管壁的弹性和保护皮肤。所以食用西红柿对防治动脉硬化、高血压和冠心病也有帮助。西红柿多汁，可以利尿，肾炎病人也宜食用。<br>\n经常发生牙龈出血或皮下出血的患者，吃番茄有助于改善症状。<br>\n番茄所含的苹果酸或柠檬酸，有助于胃液对脂肪及蛋白质的消化。', '1、减缓色斑延缓衰老：补充番茄红素，抵抗衰老，增强免疫系统，减少疾病的发生。番茄红素还能降低眼睛黄斑的退化、减少色斑沉着。<br>\n2、抗癌：番茄红素能够有效预防前列腺癌、消化道癌、肝癌、肺癌、乳腺癌、膀胱癌、子宫癌、皮肤癌等。<br>\n3、降脂降压：降低血压经常发生牙龈出血或皮下出血的患者，吃番茄有助于改善症状。<br>\n4、防止血栓的发生：患冠心病及中风的病人每天适量饮用番茄汁有益于病的康复。<br>\n5、健胃消食：有助消化、润肠通便作用，可防治便秘。<br>', '一般人群均可食用。', '急性肠炎、菌痢及溃疡活动期病人不宜食用。', '/upload/ingredient/20190510215645_6700.jpg', '6', '2019-05-10 20:06:26', '2019-05-10 21:59:45');
INSERT INTO `ingredient` VALUES ('92', '番茄酱', '0', null, null, null, null, null, null, null, '2019-05-10 20:06:26', '2019-05-10 20:06:26');
INSERT INTO `ingredient` VALUES ('93', '香椿', '0', null, null, null, null, null, null, null, '2019-05-10 22:08:53', '2019-05-10 22:08:53');
INSERT INTO `ingredient` VALUES ('94', '麻油', '0', null, null, null, null, null, null, null, '2019-05-10 22:08:53', '2019-05-10 22:08:53');
INSERT INTO `ingredient` VALUES ('95', '生姜', '0', null, null, null, null, null, null, null, '2019-05-10 22:39:50', '2019-05-10 22:39:50');
INSERT INTO `ingredient` VALUES ('96', '红枣', '0', null, null, null, null, null, null, null, '2019-05-10 22:39:50', '2019-05-10 22:39:50');
INSERT INTO `ingredient` VALUES ('97', '清水', '2', null, null, null, null, null, null, null, '2019-05-10 22:39:50', '2019-05-11 16:32:10');
INSERT INTO `ingredient` VALUES ('98', '12', '2', null, null, null, null, null, null, null, '2019-05-11 23:57:03', '2019-05-12 18:55:51');
INSERT INTO `ingredient` VALUES ('99', '456', '0', null, null, null, null, null, null, null, '2019-05-11 23:58:43', '2019-05-11 23:58:43');
INSERT INTO `ingredient` VALUES ('100', '鸡肉', '0', null, null, null, null, null, null, null, '2019-05-30 17:30:00', '2019-05-30 17:30:00');

-- ----------------------------
-- Table structure for `love`
-- ----------------------------
DROP TABLE IF EXISTS `love`;
CREATE TABLE `love` (
  `love_id` int(11) NOT NULL AUTO_INCREMENT,
  `user_id` int(11) DEFAULT NULL,
  `any_id` int(11) DEFAULT NULL,
  `state` int(11) DEFAULT NULL,
  `create_time` datetime DEFAULT NULL,
  PRIMARY KEY (`love_id`)
) ENGINE=InnoDB AUTO_INCREMENT=32 DEFAULT CHARSET=utf8;

-- ----------------------------
-- Records of love
-- ----------------------------
INSERT INTO `love` VALUES ('27', '47', '211', '0', '2019-04-25 20:43:46');
INSERT INTO `love` VALUES ('28', '46', '211', '0', '2019-05-06 00:28:54');
INSERT INTO `love` VALUES ('29', '47', '214', '0', '2019-05-10 03:46:26');
INSERT INTO `love` VALUES ('30', '46', '215', '0', '2019-05-12 02:27:06');
INSERT INTO `love` VALUES ('31', '46', '218', '0', '2019-05-30 17:18:12');

-- ----------------------------
-- Table structure for `menu`
-- ----------------------------
DROP TABLE IF EXISTS `menu`;
CREATE TABLE `menu` (
  `menu_id` int(11) NOT NULL AUTO_INCREMENT,
  `user_id` int(11) DEFAULT NULL,
  `menuname` varchar(50) DEFAULT NULL,
  `iscreate` int(11) DEFAULT NULL,
  `trick` varchar(255) DEFAULT NULL,
  `descript` varchar(255) DEFAULT NULL,
  `state` int(11) DEFAULT NULL,
  `create_time` datetime DEFAULT NULL,
  `modified_time` datetime DEFAULT NULL,
  PRIMARY KEY (`menu_id`)
) ENGINE=InnoDB AUTO_INCREMENT=223 DEFAULT CHARSET=utf8;

-- ----------------------------
-- Records of menu
-- ----------------------------
INSERT INTO `menu` VALUES ('211', '46', '菠菜杏仁', '0', '', '', '5', '2019-04-25 20:22:33', '2019-04-25 22:04:43');
INSERT INTO `menu` VALUES ('212', '46', '西红柿炒鸡蛋', '0', 'aaaaa', 'aaa', '1', '2019-04-28 15:37:01', '2019-05-12 00:38:29');
INSERT INTO `menu` VALUES ('213', '46', '盐焗大闸蟹', '0', '炒海盐的时候，会听到噼噼啪啪的响声，不用担心，这是粗盐的水分在蒸发。当噼噼啪啪减少后，会感觉盐干爽了，用手在上边感受到热气腾腾，就可以把大闸蟹放进去了。用过后的粗盐不要倒掉，把它晾凉后，铲去黑色部分，剩余的还可以反复再用。', '这回是用盐焗，用盐焗出来的大闸蟹，蟹黄口感更醇厚，尤其是掰开蟹盖的那一刻，蟹香扑鼻，膏肥黄满，非常滴诱惑。不需要加什么调料，原味已经很完美，就如明代文学家张岱就说吃大闸蟹那样“不加醋盐而五味俱全”。', '5', '2019-04-28 17:15:57', '2019-05-11 16:08:54');
INSERT INTO `menu` VALUES ('214', '46', '草莓拿破仑', '0', '酥皮是一层黄油一层面团经过多次擀出来的，为了节约时间大家可以买现成的千层酥皮直接制作。', '草莓，对于表达爱意是最直接的水果，不仅仅因为它的造型像颗爱心，更因为它香甜的味道犹如热恋中的情侣般甜蜜。', '5', '2019-05-10 03:27:23', '2019-05-10 04:21:19');
INSERT INTO `menu` VALUES ('215', '46', '莴苣肉片', '0', '莴笋的叶子也可以放进去炒了，不难吃。还有炒莴笋时不要放太多盐，否则炒好的莴笋会发苦的', '莴笋不仅营养价值丰富，而且还具有丰胸的作用，与含B族维生素的肉类结合，具有调养气血的作用，而且还能促进乳房部分的营养供应。莴笋肉片的做法，你一定要学着做一做，因为它是一道即营养，又丰胸的养生菜肴。', '5', '2019-05-10 19:34:09', '2019-05-11 16:08:54');
INSERT INTO `menu` VALUES ('216', '47', '拍黄瓜', '1', '黄瓜要选用比较嫩的这样味道才会浓', '简单美味的家常拍黄瓜有很多种做法，但是我还是喜欢原味丶喜欢那黄瓜的味道，当黄瓜放在菜板上，用切菜刀平拍下去，把黄瓜拍裂这时满屋都能闻到黄瓜的清香真是让人陶醉。香的舒服，香的清新。。。这道简简单单的拍黄也是夏令的重头菜。', '5', '2019-05-10 19:51:39', '2019-05-25 19:32:40');
INSERT INTO `menu` VALUES ('217', '47', '西红柿牛腩', '1', '切牛肉的时候要和肉的纹路垂直切， 切的时候不能顺着牛肉纹路的方向', '西红柿牛腩是道非常经典的菜，味美汤浓、开胃、爽口。番茄与牛肉一起炖，让牛肉充分吸收的番茄的味道。番茄酱也在慢慢熬煮的过程中与牛肉相互融合。下面我们就来看看这道美味的菜要怎么做吧！', '5', '2019-05-10 20:06:25', '2019-05-25 19:32:40');
INSERT INTO `menu` VALUES ('218', '48', '腌香椿', '0', '', '', '4', '2019-05-10 22:08:53', '2019-05-10 22:09:28');
INSERT INTO `menu` VALUES ('219', '48', '姜枣茶', '0', '姜枣茶煮时间久一点，不容易上火。', '初夏人体容易气血不足，感觉疲劳，等到盛夏，湿气又会特别重，因此今年立夏到三伏两个月喝姜枣茶养生至为关键。', '4', '2019-05-10 22:39:49', '2019-05-10 22:40:27');
INSERT INTO `menu` VALUES ('220', '48', '123', '0', '1111', '123', '2', '2019-05-11 23:57:03', '2019-05-12 18:36:36');
INSERT INTO `menu` VALUES ('221', '48', '456', '0', '', '', '6', '2019-05-11 23:58:43', '2019-05-12 00:09:40');
INSERT INTO `menu` VALUES ('222', '46', '小鸡炖蘑菇', '0', '窍门', '这是个描述', '3', '2019-05-30 17:29:59', '2019-05-30 17:31:04');

-- ----------------------------
-- Table structure for `menu_ingredient`
-- ----------------------------
DROP TABLE IF EXISTS `menu_ingredient`;
CREATE TABLE `menu_ingredient` (
  `menu_ingredient_id` int(11) NOT NULL AUTO_INCREMENT,
  `menu_id` int(11) DEFAULT NULL,
  `ingredient_id` int(11) DEFAULT NULL,
  `groupname` varchar(50) DEFAULT NULL,
  `groupnum` int(11) DEFAULT NULL,
  `amount` varchar(50) DEFAULT NULL,
  PRIMARY KEY (`menu_ingredient_id`)
) ENGINE=InnoDB AUTO_INCREMENT=204 DEFAULT CHARSET=utf8;

-- ----------------------------
-- Records of menu_ingredient
-- ----------------------------
INSERT INTO `menu_ingredient` VALUES ('167', '211', '71', '主料', '0', '适量');
INSERT INTO `menu_ingredient` VALUES ('168', '211', '72', '主料', '0', '适量');
INSERT INTO `menu_ingredient` VALUES ('169', '211', '73', '辅料', '1', '适量');
INSERT INTO `menu_ingredient` VALUES ('170', '211', '74', '辅料', '1', '适量');
INSERT INTO `menu_ingredient` VALUES ('172', '213', '76', '主料', '0', '4只');
INSERT INTO `menu_ingredient` VALUES ('173', '213', '77', '辅料', '1', '1500克');
INSERT INTO `menu_ingredient` VALUES ('175', '214', '78', '主料', '0', '6个');
INSERT INTO `menu_ingredient` VALUES ('176', '214', '79', '主料', '0', '1个');
INSERT INTO `menu_ingredient` VALUES ('177', '214', '80', '主料', '0', '1块');
INSERT INTO `menu_ingredient` VALUES ('178', '214', '81', '主料', '0', '1碗');
INSERT INTO `menu_ingredient` VALUES ('179', '214', '82', '辅料', '1', '1片');
INSERT INTO `menu_ingredient` VALUES ('180', '214', '83', '辅料', '1', '少许');
INSERT INTO `menu_ingredient` VALUES ('181', '215', '84', '主料', '0', '一个');
INSERT INTO `menu_ingredient` VALUES ('182', '215', '85', '主料', '0', '80g');
INSERT INTO `menu_ingredient` VALUES ('183', '215', '74', '辅料', '1', '半勺');
INSERT INTO `menu_ingredient` VALUES ('184', '215', '86', '辅料', '1', '半勺');
INSERT INTO `menu_ingredient` VALUES ('185', '216', '87', '主料', '0', '2根');
INSERT INTO `menu_ingredient` VALUES ('186', '216', '88', '辅料', '1', '4瓣');
INSERT INTO `menu_ingredient` VALUES ('187', '216', '74', '配料', '2', '2克');
INSERT INTO `menu_ingredient` VALUES ('188', '216', '86', '配料', '2', '2克');
INSERT INTO `menu_ingredient` VALUES ('189', '216', '89', '配料', '2', '少许');
INSERT INTO `menu_ingredient` VALUES ('190', '216', '73', '配料', '2', '适量');
INSERT INTO `menu_ingredient` VALUES ('191', '217', '90', '主料', '0', '800g');
INSERT INTO `menu_ingredient` VALUES ('192', '217', '91', '主料', '0', '3个');
INSERT INTO `menu_ingredient` VALUES ('193', '217', '92', '辅料', '1', '3勺');
INSERT INTO `menu_ingredient` VALUES ('194', '218', '93', '主料', '0', '适量');
INSERT INTO `menu_ingredient` VALUES ('195', '218', '74', '辅料', '1', '适量');
INSERT INTO `menu_ingredient` VALUES ('196', '218', '94', '辅料', '1', '适量');
INSERT INTO `menu_ingredient` VALUES ('197', '219', '95', '主料', '0', '3片');
INSERT INTO `menu_ingredient` VALUES ('198', '219', '96', '主料', '0', '6个');
INSERT INTO `menu_ingredient` VALUES ('199', '219', '97', '辅料', '1', '1000ml');
INSERT INTO `menu_ingredient` VALUES ('200', '220', '98', '主料', '0', '12');
INSERT INTO `menu_ingredient` VALUES ('201', '221', '99', '主料', '0', '456');
INSERT INTO `menu_ingredient` VALUES ('202', '212', '75', '主料', '0', 'a');
INSERT INTO `menu_ingredient` VALUES ('203', '222', '100', '主料', '0', '1只');

-- ----------------------------
-- Table structure for `menu_pic`
-- ----------------------------
DROP TABLE IF EXISTS `menu_pic`;
CREATE TABLE `menu_pic` (
  `menu_pic_id` int(11) NOT NULL AUTO_INCREMENT,
  `menu_id` int(11) DEFAULT NULL,
  `path` varchar(255) DEFAULT NULL,
  `step` int(11) DEFAULT NULL,
  `descript` varchar(255) DEFAULT NULL,
  PRIMARY KEY (`menu_pic_id`)
) ENGINE=InnoDB AUTO_INCREMENT=289 DEFAULT CHARSET=utf8;

-- ----------------------------
-- Records of menu_pic
-- ----------------------------
INSERT INTO `menu_pic` VALUES ('224', '211', '/upload/menu/20190425202011_913.jpg', '0', null);
INSERT INTO `menu_pic` VALUES ('225', '211', '/upload/menu/20190425202151_1663.jpg', '1', '取适量的盐水杏仁冲洗一下。如果杏仁吃着有苦味，要提前泡水、换水至没有苦味为止，泡完水后要撒盐腌入味。');
INSERT INTO `menu_pic` VALUES ('226', '211', '/upload/menu/20190425202200_3869.jpg', '2', '菠菜洗净，水开下锅，快速焯水。捞出过冷水，挤干水分并切小段。加入适量的盐拌匀。');
INSERT INTO `menu_pic` VALUES ('227', '211', '/upload/menu/20190425202211_7150.jpg', '3', '把两种食混合，加几滴香油拌均就好。');
INSERT INTO `menu_pic` VALUES ('228', '211', '/upload/menu/20190425202223_3246.jpg', '4', '分分钟搞定一盘凉拌菜。');
INSERT INTO `menu_pic` VALUES ('231', '213', '/upload/menu/20190428170909_5267.jpg', '0', null);
INSERT INTO `menu_pic` VALUES ('232', '213', '/upload/menu/20190428171219_1241.jpg', '1', '把材料准备好。');
INSERT INTO `menu_pic` VALUES ('233', '213', '/upload/menu/20190428171236_5373.jpg', '2', '大闸蟹用牙刷刷洗干净。');
INSERT INTO `menu_pic` VALUES ('234', '213', '/upload/menu/20190428171259_932.jpg', '3', '沥干水，用锡纸包好。');
INSERT INTO `menu_pic` VALUES ('235', '213', '/upload/menu/20190428171306_2305.jpg', '4', '要尽量包的严密的。');
INSERT INTO `menu_pic` VALUES ('236', '213', '/upload/menu/20190428171325_4318.jpg', '5', '锅洗净，烧热后加入海盐。');
INSERT INTO `menu_pic` VALUES ('237', '213', '/upload/menu/20190428171346_5502.jpg', '6', '用锅铲反复翻炒，把海盐炒至很热很干的时候，就把盐朝边上拨拨，把放包裹好的大闸蟹进去，然后用盐埋上。');
INSERT INTO `menu_pic` VALUES ('238', '213', '/upload/menu/20190428171353_5505.jpg', '7', '盖上锅盖，小火10分钟左右即可。');
INSERT INTO `menu_pic` VALUES ('239', '213', '/upload/menu/20190428171412_3065.jpg', '8', '闻到蟹香就熄火，再利用盐的余温焖10分钟。');
INSERT INTO `menu_pic` VALUES ('240', '213', '/upload/menu/20190428171432_4597.jpg', '9', '掰开蟹盖，香阿，那蟹黄是多么滴令人垂涎....');
INSERT INTO `menu_pic` VALUES ('243', '214', '/upload/menu/20190510032159_2181.jpg', '0', null);
INSERT INTO `menu_pic` VALUES ('244', '214', '/upload/menu/20190510032204_6436.jpg', '0', null);
INSERT INTO `menu_pic` VALUES ('245', '214', '/upload/menu/20190510032550_4741.jpg', '1', '面团把黄油包起，擀平翻折至少60次以上，冷藏静止2小时\n');
INSERT INTO `menu_pic` VALUES ('246', '214', '/upload/menu/20190510032557_8393.jpg', '2', '切成4等份');
INSERT INTO `menu_pic` VALUES ('247', '214', '/upload/menu/20190510032609_4403.jpg', '3', '烤箱预热，千层酥皮放中层185度10分钟2.转160度继续烤20-30分钟，至金黄色，让它慢慢冷却');
INSERT INTO `menu_pic` VALUES ('248', '214', '/upload/menu/20190510032622_4086.jpg', '4', '芒果草莓切丁');
INSERT INTO `menu_pic` VALUES ('249', '214', '/upload/menu/20190510032635_5797.jpg', '5', '酥皮冷却后，揭开3层，一层酥皮，一层卡仕达酱，一层芒果一层酱，盖上酥皮；重复一次，撒上糖粉，完成。');
INSERT INTO `menu_pic` VALUES ('250', '215', '/upload/menu/20190510193037_1405.jpg', '0', null);
INSERT INTO `menu_pic` VALUES ('251', '215', '/upload/menu/20190510193230_3411.jpg', '1', '莴笋削皮去根，切片');
INSERT INTO `menu_pic` VALUES ('252', '215', '/upload/menu/20190510193237_1777.jpg', '2', '肉切片，放碗中，加料酒酱油黑胡椒粉腌制10分钟以上。');
INSERT INTO `menu_pic` VALUES ('253', '215', '/upload/menu/20190510193246_677.jpg', '3', '锅内放适量油，油热后加姜片、葱，爆香，加肉片翻炒。');
INSERT INTO `menu_pic` VALUES ('254', '215', '/upload/menu/20190510193305_2122.jpg', '4', '肉片炒至变色，加莴苣片，翻炒');
INSERT INTO `menu_pic` VALUES ('255', '215', '/upload/menu/20190510193316_3927.jpg', '5', '加适量盐，鸡精，盖锅稍焖一下即可。');
INSERT INTO `menu_pic` VALUES ('256', '215', '/upload/menu/20190510193333_1651.jpg', '6', '莴笋肉片的做法，你一定要学着做一做，因为它是一道即营养，又丰胸的养生菜肴。我的微信公号：个性胜过姿色，关注后即可成为小姿的好友，在制作过程中有任何疑问都可以咨询~味道鲜美，做法简单');
INSERT INTO `menu_pic` VALUES ('257', '216', '/upload/menu/20190510194838_7183.jpg', '0', null);
INSERT INTO `menu_pic` VALUES ('258', '216', '/upload/menu/20190510195051_3803.jpg', '1', '黄瓜洗净放在菜板上，用切菜刀平拍，使黄瓜开裂。');
INSERT INTO `menu_pic` VALUES ('259', '216', '/upload/menu/20190510195103_420.jpg', '2', '切成小块。');
INSERT INTO `menu_pic` VALUES ('260', '216', '/upload/menu/20190510195110_208.jpg', '3', '大蒜剁碎。');
INSERT INTO `menu_pic` VALUES ('261', '216', '/upload/menu/20190510195126_9132.jpg', '4', '把拍好的黄瓜和大蒜放入盘中，加入盐 香油 鸡精 和少量的醋搅拌均匀即可。');
INSERT INTO `menu_pic` VALUES ('262', '217', '/upload/menu/20190510200233_756.jpg', '0', null);
INSERT INTO `menu_pic` VALUES ('263', '217', '/upload/menu/20190510200435_952.jpg', '1', '先把材料备齐，牛肉切成块状、西红柿、番茄酱');
INSERT INTO `menu_pic` VALUES ('264', '217', '/upload/menu/20190510200446_2528.jpg', '2', '牛肉放到锅里先焯出血水');
INSERT INTO `menu_pic` VALUES ('265', '217', '/upload/menu/20190510200459_198.jpg', '3', '锅内放油，西红柿切成小块放进锅里翻炒');
INSERT INTO `menu_pic` VALUES ('266', '217', '/upload/menu/20190510200510_2028.jpg', '4', '西红柿炒出汁液后加适量番茄酱');
INSERT INTO `menu_pic` VALUES ('267', '217', '/upload/menu/20190510200521_8742.jpg', '5', '加入番茄酱再翻炒5分钟左右。加入牛肉翻炒');
INSERT INTO `menu_pic` VALUES ('268', '217', '/upload/menu/20190510200536_3231.jpg', '6', '炒匀后添水，喜欢喝汤的可以多加点，放入盐和鸡精');
INSERT INTO `menu_pic` VALUES ('269', '217', '/upload/menu/20190510200551_8961.jpg', '7', '快收汁前再加入一点西红柿，之前的西红柿已经都变成酱了，现在加进去的出锅后还可以吃');
INSERT INTO `menu_pic` VALUES ('270', '217', '/upload/menu/20190510200605_5119.jpg', '8', '撒一点香菜，完~美！配饭配馒头配饼，都可以，关键是酸酸甜甜很开胃，吃之前先喝几口汤，超满足~');
INSERT INTO `menu_pic` VALUES ('271', '218', '/upload/menu/20190510220556_7469.jpg', '0', null);
INSERT INTO `menu_pic` VALUES ('272', '218', '/upload/menu/20190510220815_3544.jpg', '1', '香椿去除老跟洗净沥干水分');
INSERT INTO `menu_pic` VALUES ('273', '218', '/upload/menu/20190510220827_1238.jpg', '2', '将香椿切碎');
INSERT INTO `menu_pic` VALUES ('274', '218', '/upload/menu/20190510220832_4959.jpg', '3', '放入盆中撒上适量盐翻拌均匀盖上盖子放入冰箱冷藏腌制7天以上即可');
INSERT INTO `menu_pic` VALUES ('275', '218', '/upload/menu/20190510220841_5392.jpg', '4', '成品淋入适量麻油即可');
INSERT INTO `menu_pic` VALUES ('276', '219', '/upload/menu/20190510223506_4145.jpg', '0', null);
INSERT INTO `menu_pic` VALUES ('277', '219', '/upload/menu/20190510223846_2633.jpg', '1', '生姜洗净不要去皮切片，红枣洗净掰开。');
INSERT INTO `menu_pic` VALUES ('278', '219', '/upload/menu/20190510223859_9594.jpg', '2', '一同放入养生壶中，加入1000ml清水。');
INSERT INTO `menu_pic` VALUES ('279', '219', '/upload/menu/20190510223918_9081.jpg', '3', '养生壶设置“60分钟”，开始加热煮水。');
INSERT INTO `menu_pic` VALUES ('280', '219', '/upload/menu/20190510223930_49.jpg', '4', '煮好后倒入杯中，中午12点以前喝完。');
INSERT INTO `menu_pic` VALUES ('281', '220', '/upload/menu/20190511235635_8241.PNG', '0', null);
INSERT INTO `menu_pic` VALUES ('282', '220', '/upload/menu/20190511235653_6062.PNG', '1', '1');
INSERT INTO `menu_pic` VALUES ('283', '221', '/upload/menu/20190511235809_140.PNG', '0', null);
INSERT INTO `menu_pic` VALUES ('284', '221', '/upload/menu/20190511235832_571.PNG', '1', '1');
INSERT INTO `menu_pic` VALUES ('285', '212', '/upload/menu/20190428153633_7297.PNG', '0', null);
INSERT INTO `menu_pic` VALUES ('286', '212', '/upload/menu/20190428153651_9879.PNG', '1', 'aaa');
INSERT INTO `menu_pic` VALUES ('287', '222', '/upload/menu/20190530172855_5099.PNG', '0', null);
INSERT INTO `menu_pic` VALUES ('288', '222', '/upload/menu/20190530172942_3033.PNG', '1', '步骤一');

-- ----------------------------
-- Table structure for `menu_type`
-- ----------------------------
DROP TABLE IF EXISTS `menu_type`;
CREATE TABLE `menu_type` (
  `menu_type_id` int(11) NOT NULL AUTO_INCREMENT,
  `menu_id` int(11) DEFAULT NULL,
  `dictionary_id` int(11) DEFAULT NULL,
  `state` int(11) DEFAULT NULL,
  PRIMARY KEY (`menu_type_id`)
) ENGINE=InnoDB AUTO_INCREMENT=259 DEFAULT CHARSET=utf8;

-- ----------------------------
-- Records of menu_type
-- ----------------------------
INSERT INTO `menu_type` VALUES ('170', '211', '115', '0');
INSERT INTO `menu_type` VALUES ('171', '211', '128', '0');
INSERT INTO `menu_type` VALUES ('172', '211', '157', '0');
INSERT INTO `menu_type` VALUES ('173', '211', '190', '0');
INSERT INTO `menu_type` VALUES ('174', '211', '199', '0');
INSERT INTO `menu_type` VALUES ('182', '213', '115', '0');
INSERT INTO `menu_type` VALUES ('183', '213', '132', '0');
INSERT INTO `menu_type` VALUES ('184', '213', '189', '0');
INSERT INTO `menu_type` VALUES ('185', '213', '192', '0');
INSERT INTO `menu_type` VALUES ('186', '213', '198', '0');
INSERT INTO `menu_type` VALUES ('193', '214', '117', '0');
INSERT INTO `menu_type` VALUES ('194', '214', '130', '0');
INSERT INTO `menu_type` VALUES ('195', '214', '158', '0');
INSERT INTO `menu_type` VALUES ('196', '214', '194', '0');
INSERT INTO `menu_type` VALUES ('197', '214', '203', '0');
INSERT INTO `menu_type` VALUES ('198', '214', '299', '1');
INSERT INTO `menu_type` VALUES ('199', '214', '257', '1');
INSERT INTO `menu_type` VALUES ('200', '213', '249', '1');
INSERT INTO `menu_type` VALUES ('201', '213', '254', '1');
INSERT INTO `menu_type` VALUES ('202', '215', '116', '0');
INSERT INTO `menu_type` VALUES ('203', '215', '119', '0');
INSERT INTO `menu_type` VALUES ('204', '215', '151', '0');
INSERT INTO `menu_type` VALUES ('205', '215', '190', '0');
INSERT INTO `menu_type` VALUES ('206', '215', '198', '0');
INSERT INTO `menu_type` VALUES ('207', '215', '249', '1');
INSERT INTO `menu_type` VALUES ('208', '215', '254', '1');
INSERT INTO `menu_type` VALUES ('209', '216', '115', '0');
INSERT INTO `menu_type` VALUES ('210', '216', '137', '0');
INSERT INTO `menu_type` VALUES ('211', '216', '157', '0');
INSERT INTO `menu_type` VALUES ('212', '216', '190', '0');
INSERT INTO `menu_type` VALUES ('213', '216', '241', '0');
INSERT INTO `menu_type` VALUES ('214', '216', '250', '1');
INSERT INTO `menu_type` VALUES ('215', '216', '254', '1');
INSERT INTO `menu_type` VALUES ('216', '217', '116', '0');
INSERT INTO `menu_type` VALUES ('217', '217', '126', '0');
INSERT INTO `menu_type` VALUES ('218', '217', '154', '0');
INSERT INTO `menu_type` VALUES ('219', '217', '194', '0');
INSERT INTO `menu_type` VALUES ('220', '217', '216', '0');
INSERT INTO `menu_type` VALUES ('221', '217', '249', '1');
INSERT INTO `menu_type` VALUES ('222', '217', '254', '1');
INSERT INTO `menu_type` VALUES ('223', '218', '116', '0');
INSERT INTO `menu_type` VALUES ('224', '218', '128', '0');
INSERT INTO `menu_type` VALUES ('225', '218', '163', '0');
INSERT INTO `menu_type` VALUES ('226', '218', '197', '0');
INSERT INTO `menu_type` VALUES ('227', '218', '241', '0');
INSERT INTO `menu_type` VALUES ('228', '218', '250', '1');
INSERT INTO `menu_type` VALUES ('229', '218', '254', '1');
INSERT INTO `menu_type` VALUES ('230', '219', '115', '0');
INSERT INTO `menu_type` VALUES ('231', '219', '126', '0');
INSERT INTO `menu_type` VALUES ('232', '219', '156', '0');
INSERT INTO `menu_type` VALUES ('233', '219', '194', '0');
INSERT INTO `menu_type` VALUES ('234', '219', '233', '0');
INSERT INTO `menu_type` VALUES ('235', '219', '259', '1');
INSERT INTO `menu_type` VALUES ('236', '219', '254', '1');
INSERT INTO `menu_type` VALUES ('237', '220', '115', '0');
INSERT INTO `menu_type` VALUES ('238', '220', '125', '0');
INSERT INTO `menu_type` VALUES ('239', '220', '157', '0');
INSERT INTO `menu_type` VALUES ('240', '220', '190', '0');
INSERT INTO `menu_type` VALUES ('241', '220', '199', '0');
INSERT INTO `menu_type` VALUES ('242', '221', '115', '0');
INSERT INTO `menu_type` VALUES ('243', '221', '119', '0');
INSERT INTO `menu_type` VALUES ('244', '221', '151', '0');
INSERT INTO `menu_type` VALUES ('245', '221', '190', '0');
INSERT INTO `menu_type` VALUES ('246', '221', '198', '0');
INSERT INTO `menu_type` VALUES ('247', '212', '115', '0');
INSERT INTO `menu_type` VALUES ('248', '212', '119', '0');
INSERT INTO `menu_type` VALUES ('249', '212', '155', '0');
INSERT INTO `menu_type` VALUES ('250', '212', '195', '0');
INSERT INTO `menu_type` VALUES ('251', '212', '203', '0');
INSERT INTO `menu_type` VALUES ('252', '212', '204', '0');
INSERT INTO `menu_type` VALUES ('253', '211', '250', '1');
INSERT INTO `menu_type` VALUES ('254', '222', '115', '0');
INSERT INTO `menu_type` VALUES ('255', '222', '119', '0');
INSERT INTO `menu_type` VALUES ('256', '222', '154', '0');
INSERT INTO `menu_type` VALUES ('257', '222', '190', '0');
INSERT INTO `menu_type` VALUES ('258', '222', '198', '0');

-- ----------------------------
-- Table structure for `reports`
-- ----------------------------
DROP TABLE IF EXISTS `reports`;
CREATE TABLE `reports` (
  `reports_id` int(11) NOT NULL AUTO_INCREMENT,
  `user_id` int(11) DEFAULT NULL,
  `any_id` int(11) DEFAULT NULL,
  `state` int(11) DEFAULT NULL,
  `deal` int(11) DEFAULT NULL,
  `create_time` datetime DEFAULT NULL,
  PRIMARY KEY (`reports_id`)
) ENGINE=InnoDB AUTO_INCREMENT=35 DEFAULT CHARSET=utf8;

-- ----------------------------
-- Records of reports
-- ----------------------------
INSERT INTO `reports` VALUES ('30', '46', '60', '0', '2', '2019-04-28 19:12:20');
INSERT INTO `reports` VALUES ('31', '47', '60', '0', '2', '2019-04-28 19:12:57');
INSERT INTO `reports` VALUES ('32', '46', '65', '0', '0', '2019-05-11 16:40:43');
INSERT INTO `reports` VALUES ('33', '46', '57', '0', '1', '2019-05-12 02:25:04');
INSERT INTO `reports` VALUES ('34', '48', '69', '0', '2', '2019-05-30 17:17:03');

-- ----------------------------
-- Table structure for `user`
-- ----------------------------
DROP TABLE IF EXISTS `user`;
CREATE TABLE `user` (
  `user_id` int(11) NOT NULL AUTO_INCREMENT,
  `username` varchar(50) NOT NULL,
  `password` varchar(50) NOT NULL,
  `phone` varchar(20) DEFAULT NULL,
  `photo` varchar(255) NOT NULL,
  `sex` int(11) DEFAULT NULL,
  `signature` varchar(255) DEFAULT NULL,
  `state` int(11) NOT NULL,
  `ban` int(11) DEFAULT NULL,
  `create_time` datetime NOT NULL,
  `modified_time` datetime NOT NULL,
  PRIMARY KEY (`user_id`)
) ENGINE=InnoDB AUTO_INCREMENT=53 DEFAULT CHARSET=utf8;

-- ----------------------------
-- Records of user
-- ----------------------------
INSERT INTO `user` VALUES ('1', 'admin', '0cc175b9c0f1b6a831c399e269772661', null, '/default/user_photo.png', '2', null, '1', '0', '2019-04-23 19:25:36', '2019-04-23 19:25:36');
INSERT INTO `user` VALUES ('46', 'hey', 'c4ca4238a0b923820dcc509a6f75849b', '15222222222', '/upload/user_photo/20190425201558_2877.jpg', '1', '我是美食博主', '0', '0', '2019-04-23 19:33:27', '2019-05-11 23:02:22');
INSERT INTO `user` VALUES ('47', 'hey2', 'c81e728d9d4c2f636f067f89cc14862c', null, '/default/user_photo.png', '2', null, '0', '0', '2019-04-25 20:43:39', '2019-04-25 20:43:39');
INSERT INTO `user` VALUES ('48', 'hey3', 'eccbc87e4b5ce2fe28308fd9f2a7baf3', null, '/default/user_photo.png', '2', null, '0', '0', '2019-04-28 19:11:45', '2019-05-10 00:07:12');
INSERT INTO `user` VALUES ('52', 'hey4', 'a87ff679a2f3e71d9181a67b7542122c', null, '/default/user_photo.png', '2', null, '0', '0', '2019-05-11 21:29:42', '2019-05-30 17:15:34');
